Id,price
4094,294544.07163552183
10766,630628.687729959
10376,399596.4286132036
3775,606212.8707847797
8780,496549.0877678116
7960,636454.2919514088
6740,518068.69541902875
3215,142763.16711586705
2418,142763.38575653767
5220,638267.1526212962
6067,737623.1133630758
4111,626517.1304696217
567,369925.6861670915
2715,272531.6183973078
3208,370953.205472231
7904,781641.5300648112
1523,221979.8980448253
1715,280140.8402219543
2875,404975.43673286913
11413,391618.2984911383
14443,571755.5846502509
10538,384403.0871267911
11106,444479.877295038
15237,397540.5038780794
10010,656348.65900157
8332,618816.3079181027
477,271129.9454967255
11005,533246.0065913032
7817,632970.5906444063
8098,658754.584043154
12013,597279.654517072
3617,409602.2134450022
4275,787777.700514577
13499,296537.66937101656
151,607426.3087409821
13045,454895.59707481693
352,537159.596656378
12873,534524.1730261124
5157,571714.5721184802
1808,145598.8442119829
2857,373998.47373292706
10154,493164.0345777859
4975,650695.6805530606
10586,240963.7853999841
6661,403887.1704235379
7613,207508.77492900734
10729,349097.35630228533
14560,630841.4627844372
10761,422710.6495582608
11894,442961.8667464844
9919,741083.786239265
1271,605407.0132865524
9025,661563.9214906918
5737,438511.7221630811
14834,657752.160514561
1607,142763.73558161053
851,145378.77674939597
896,403103.88498177787
14659,506098.34662313317
3972,620633.8603353153
10369,387984.5854914109
6988,379824.6915938095
4345,536008.0650384461
5744,813565.8033123175
8467,812069.9713143979
4718,775077.0805035951
1806,146366.76134567527
11387,417854.2560723114
14276,439722.4766111389
12221,375303.07887627935
15008,470976.5559949424
5229,592627.3320256524
12166,544207.5402519105
9486,410678.36170205864
5385,322756.2124383487
6102,735680.812682311
3018,510794.5771432779
11451,506554.0602154816
2502,191504.31334701716
15161,354090.3556216909
1124,606425.995973194
7622,569493.7213640874
13796,301976.72804935393
5184,744203.2900025039
6957,660595.115609967
9923,171971.40660305624
7488,418204.7464232453
10440,388043.55820492835
2922,178517.69693672072
4697,790033.9564781287
1321,236551.00578997674
14134,258999.78696331874
11317,720307.995789883
9250,283793.17741307884
12813,526490.2033633742
3036,186817.04779128957
3614,145337.28066884127
9756,388336.75264905975
2967,174692.57433189603
13358,548463.5333956012
1011,235074.34531054838
4251,560338.0685655628
9903,506433.64176324604
8020,766949.9303316234
89,400784.44922292215
1936,466757.23401864216
7497,380345.76129941177
7040,431769.26214795164
252,189666.51691883325
11798,546117.9403485486
14222,641180.7369325082
15159,302574.6604805123
6903,335508.26775843557
6174,221676.4073001598
9516,490689.3259789386
14764,635684.757227344
14497,427441.14708511543
3945,720407.2754400587
3194,201394.5922978999
2799,337261.0155556079
3785,270117.10445226624
12731,543079.1633346956
12098,541200.1367548774
9050,614485.0755978876
8893,220069.69640189427
9503,298438.2121202528
6418,349273.32958629006
9146,735570.6450361101
11470,415162.4378358765
13849,354808.7981358238
12624,454140.40457728493
10687,347249.72188043816
380,417351.62872774334
8531,824771.703783036
14100,551776.3962983203
5968,421195.20921500644
885,252430.60301272845
15142,354664.37064807385
9843,729194.1484106898
2185,307102.0987295193
3061,270485.8267466888
7768,349420.16210681567
2146,231208.3614942581
8638,444351.0082270271
11593,719208.0903787696
12336,376670.87785076303
6917,543799.9859690075
8888,392050.7225324156
4058,424913.64539635624
10392,522415.1834514718
8551,400027.13978299673
14485,409654.4518544461
10983,391612.65032999887
2474,189647.45039443625
3964,790989.0799973696
9034,408589.0091993641
4683,816654.4162258325
9296,406811.8037584175
7458,445661.61449064815
15112,259817.09816346143
10066,408510.69211141486
4246,818516.927365894
48,305263.0063022666
3596,145927.75093115174
9573,339159.18310257135
10859,219825.70377371093
5016,466824.10002746875
7026,384567.82040530123
9812,542343.4161733733
8574,657381.3078266099
10681,386935.36794713116
14371,632608.3438703609
12510,506385.9952671438
1311,605699.1651594143
6333,349142.7838938354
12226,542781.0329642135
11015,736031.7295803395
4352,408950.5869904407
7515,581002.0988565397
13642,548963.8870246301
2089,344507.7628341621
8389,418069.01608180616
340,606689.8005361394
6830,554453.8931259436
14181,543113.170313119
7442,383495.21633246564
14318,550294.4226055802
4520,583767.7435635617
4555,212400.09398060362
6751,394586.28649156593
15003,528554.1811032092
2352,252326.49489198189
1924,189725.7649976145
4895,350253.43805959844
14188,378721.8335680887
14029,386262.9681316337
3782,236548.7143453656
3335,356314.51166192186
915,268288.7229387623
9629,609840.7052255839
5850,349009.29865858343
6736,504967.18587660324
12711,343503.96945597423
10765,375910.69332570385
1581,269507.0057943425
2217,247617.79287365323
3814,271243.41609305853
14570,532906.025282436
14138,543079.1633346956
9641,380664.62720640906
3699,232453.76775172394
10881,387412.93178027647
4216,670412.6069446148
10526,171503.74563573164
14154,402406.85945576185
412,762368.8853315988
8376,391397.7621957874
4059,238325.75219937542
6689,504583.7226269753
1651,150328.3970529363
2944,279987.08693862567
1721,192979.1395537004
4748,709211.187201033
11718,837539.2009628385
7464,343211.3064921021
12818,546981.976519304
13106,255961.29606547212
9628,822969.5989358707
6238,384532.93090158864
11595,724827.750572855
5590,407431.8442976852
12560,384104.3675395667
13743,543079.1633346956
2859,251725.05818979366
4129,643489.7097551727
3706,355217.0098835157
15095,354131.1428669032
3899,644437.3806507876
4293,784672.2167983805
10366,730860.8824775988
4873,787269.301624588
8547,416212.473175787
13131,302032.5222763736
7720,384779.8548944496
14951,441779.7334914893
7760,329544.29448373104
2361,538754.1697707542
6342,523613.46584165655
512,604716.8191090471
6373,688576.4491704385
5505,744739.0776596348
1036,142333.04091325862
1255,646857.078624954
3903,660115.2851365926
4833,828424.4574844432
10639,349420.16210681567
1454,406313.09662623954
14670,576131.3882998389
14959,481787.03381854395
14011,540722.6121824402
8223,443631.13008384994
7467,446728.9794696149
9665,552517.6096671259
3438,794002.4053478062
2478,445898.0343132583
10772,251141.6664957921
4871,358734.5403926847
3985,348391.54582866776
6700,386391.0613040455
5091,279214.79033503874
5401,672622.1370955049
13022,301957.96117990976
7132,722925.5197372485
4041,742746.4865173586
4005,425281.2519161586
10530,284793.4812650854
13440,546488.2316262762
150,331395.1838936211
7160,379753.8163312649
8406,653233.3760309501
14389,476255.2760520857
3394,236364.00131546898
11561,646167.7879203667
3270,222651.1332731762
13074,539335.5350883473
14934,484121.45898515615
8137,545491.1530181789
10727,648336.6642201116
13995,301927.0197678573
12553,384337.1589352143
7597,819262.6453375414
170,760598.3335150712
10731,429532.2563769244
12410,547701.6516989095
4270,642879.8702766467
6073,379635.21070076723
3284,181255.3871223409
4986,550874.2825240148
10412,156737.09908133402
9553,406066.92071193643
8693,643690.2834602036
7926,594547.8395144856
2817,277863.86724901537
2082,145292.50323512443
12830,555823.7233153747
12807,376283.52499434457
2021,236364.00131546898
4030,369323.86219342734
3890,813609.4505389738
9266,571861.9969690958
11204,347937.65245792485
1770,406408.7742740018
5981,387907.9345953752
13195,301972.81716493634
3882,498833.86180945847
3528,504406.7329871136
3296,365523.9565730404
13460,337903.38684457005
12494,543211.6631107242
9314,319988.1942907277
11302,612259.5761715531
6085,764281.7395371087
11214,409616.8331793945
14071,403795.8931586271
12293,191346.3265330775
13776,540130.9179781872
3746,270419.77523449564
12086,363972.82684972405
7277,348925.4526584139
1633,538526.7893729513
9612,412124.6944867775
8744,448318.86334717233
15234,214175.7124927284
12002,233779.2311122586
4644,414279.67995675775
12247,598956.6188662439
6750,355827.17582430725
1954,281279.09390897164
10807,346550.17134861543
4510,658717.6147538212
9963,731814.5763271849
908,795934.260309548
10111,261132.97520528443
8711,758199.8456674604
14478,610893.0119116849
2596,262774.42983042274
3411,596219.9152029452
8701,387385.9566860987
10625,466295.1610912504
11200,428826.216270461
13080,437384.611471296
9936,435695.0569548777
10068,427358.43128905405
2883,246671.64115054382
14399,652767.983809629
3214,512273.51822004153
6330,419281.34771741356
7801,357031.852594974
7977,554442.6228458496
3707,293787.57142427017
13655,481661.7788598273
4591,637942.6129453974
2910,191243.51900116832
13201,395194.85595513147
1748,269641.65307866316
4563,744018.9657458287
4376,677917.5091369285
13038,275019.16341981
1625,230143.7499723192
4607,571105.8808765952
10444,523160.2195698364
1087,771426.0412277973
2482,290841.6210142523
8595,669938.6068423656
12405,180875.82203245832
3547,270511.27406807744
1548,404785.0494728838
6943,384880.34230258665
13891,488901.1962027845
13378,183103.12255537655
12264,543951.5503105563
11469,220672.3635441424
11074,592419.7179411454
4266,550565.8052019575
15242,225716.826614873
12782,352677.2830453451
14081,183127.00602853685
2158,337222.51820390293
13512,301976.3484967892
8541,333683.1321673673
5922,240469.4958397716
543,232692.51231978132
8162,822445.0993010713
4258,338201.7874127492
5557,731192.7865490936
7325,486698.31017073133
2335,270015.26727969095
837,602924.9855555004
9970,554327.8422270624
4036,537246.0879067144
12664,333772.87041605235
13322,411520.1296239667
6757,822969.5989358707
2088,294333.3276133961
14637,654653.4314786871
6087,384518.11951939156
10869,780796.6872594691
1164,270522.36515170743
11932,526539.3845841021
10394,339937.4448034857
5679,437733.2851871359
7274,299120.1899736653
13541,301833.9896854409
14121,543221.3011330703
14663,470681.7082469328
9857,380012.1626191962
4550,570570.8364489018
1359,402604.63264843635
14300,442645.3498531384
6339,398145.1491986488
2454,145413.9127662641
7665,466047.84149500576
10973,659437.9224817455
7013,664511.6001937226
7018,381459.6274239656
5615,412281.79321321915
8761,634424.0681031013
488,600299.1025592642
3488,145767.12641254344
8516,261135.80745680677
10724,407962.1741266338
12093,629085.5521796668
13835,257434.2921697202
8499,649306.6852714533
6114,446903.40057083353
388,230295.503011021
13890,301975.2098390949
765,269898.1210815622
3099,201734.62745015533
4342,730478.3773508016
11972,542721.5099364007
9732,320745.11191565095
10150,490767.66132313357
13488,546756.5300367443
7655,171503.74563573164
2617,665807.7625732699
9804,439152.31027636095
2120,145167.3428860394
13110,546117.9403485486
3423,180444.3409503077
3170,274994.52387104754
4740,590405.1182471245
10704,493344.7991420891
1663,186817.04779128957
9983,648207.2463894391
100,768644.5017756731
14870,643355.7168264999
8409,431531.5025751194
3695,761256.7640887005
13903,301926.7072283416
5181,641605.4447058812
2299,420656.52954163554
13686,549500.5030997846
291,771862.0621282076
9750,263681.83192204835
1200,537575.1033648147
737,270755.4082130288
4227,712235.2578726949
11911,371903.6130046741
5716,723159.1787668905
6881,650933.4386496628
12213,543113.170313119
3475,147816.01465270045
9566,654075.1549097763
10706,489222.04159333697
102,249045.65379710632
11628,720693.6909728381
2358,580995.692270785
11279,551858.5016269487
13182,608216.6636441768
10218,490258.86954111943
3252,270229.5629267526
928,605307.0419056256
13252,549387.2262382947
10478,485711.600873082
7342,448954.71105895564
8281,795445.2909416326
4808,833573.600178676
6833,239815.94341613608
287,374083.5952618996
6886,491584.41073685733
6012,396537.1855273296
8250,425542.75647212646
15140,353573.5890014158
9768,729385.6217649996
6806,428759.5931640684
10139,754089.6203029704
8944,379635.21070076723
10095,399456.90843240416
13800,308376.81341416703
7823,379317.55461383774
2547,368640.13641114574
3469,403515.22930927994
13414,576248.4903803992
10631,329544.29448373104
8777,592535.9153683679
8743,439414.9648623817
10330,611271.34901685
3078,174032.0380101675
4329,656236.7929836216
2184,270496.9128020901
15195,108669.50831644153
1471,190348.2589698066
7634,733898.1621039875
14715,640393.9888315485
11378,661305.2751062353
15090,442938.4903732635
5776,789481.5737847101
8373,385470.37810883275
9248,370269.6116909546
7557,314990.0591967167
2022,142764.12913481746
13044,243934.6151409702
4983,625475.1310277353
8858,778810.2478222363
7376,774622.7171279672
1108,236189.7740421678
358,370380.11861059826
8257,571433.8176933544
4732,572579.5493521275
7206,230648.26745277632
14353,308376.1136665249
13146,526539.3845841021
10141,442904.1006762021
2178,145875.027708893
7496,450430.01647239685
8820,691167.1667474671
3261,258423.3186883633
14935,653325.3620034136
14856,532343.8827617175
2520,287823.97360249306
11282,721677.9028025927
7239,610418.0362382452
14541,497888.61852939415
3470,365563.02762565424
2343,247420.3907089053
10992,779916.0701236736
6863,523271.61866203195
12634,546090.2669247414
11883,301972.81716493634
933,179951.80220132048
1912,510793.94974013884
926,294185.0879824114
5217,633880.4955708317
8640,491808.76342322805
4194,411325.8672286445
903,134093.15287801222
12267,301964.52450973913
14948,529965.7219352247
13407,180873.6958223795
7717,404474.7539903173
3300,415945.8243965652
7700,610412.0456962674
1563,767736.6500000011
3070,237403.17362827895
13212,522145.03074304014
10304,341829.497702642
7493,417960.21276578656
10243,322896.94631811394
2302,145681.6176267271
7214,592632.0137446349
3435,258562.6551750261
1660,297996.9238915716
12543,301961.0865750666
5480,645850.0900210666
9255,534292.3971001282
6162,556540.3304521029
305,603299.1012661081
9394,467319.83354910626
13631,545429.3307487734
12243,438027.53226141795
12732,308331.804491207
14656,470976.5559949424
14036,375035.2006871045
9979,634968.2573727005
14990,652767.983809629
9564,591070.0418764912
14112,287397.2701142965
4188,729463.8711962817
13831,543047.8133868404
4623,626997.4311369017
12681,376569.93284979364
1656,262080.71029437042
7500,342659.45370216406
9407,481474.33375381323
11393,822445.0993010713
8823,238289.84760132636
1374,294329.21314969426
1122,406301.7481124067
6134,443954.7173025803
3372,268865.3177543777
6693,591070.0418764912
12473,548318.454474565
11365,319701.99924333615
1845,580876.9208186535
2677,548701.7602963784
12195,180873.54395023105
11360,632480.1902910126
14808,628192.0219903523
2999,193279.18813298596
1394,190957.47202354058
10843,418564.30402133154
11449,641628.5802332897
1990,145515.02936275597
7691,625858.4610177805
1088,538449.3682487579
4464,735908.4548851497
12326,424809.00819612504
13006,550294.4226055802
736,246439.4688034777
14238,384316.63063019543
5538,431531.5025751194
12994,311157.2072507908
938,269910.73076381837
8222,383501.57357603044
13043,541859.8557557886
4011,347209.72765903804
9195,219118.82310915453
12240,301964.52450973913
12700,301963.2228286594
13926,548293.2561428421
8894,335546.5154051172
13063,529893.8347310107
6884,597963.5645976153
6474,817695.9057701069
5423,632230.4193921993
12010,411520.1296239667
9377,347467.80666696705
4230,861379.1131580134
7285,491322.82522837317
6367,585805.6929665636
1035,236554.18679333155
3117,145415.54872803914
2772,145651.8539256009
2797,580997.5030630797
8994,396556.24857908464
1023,178341.76114361538
1455,403628.71597229294
9165,341815.8378692158
5788,696639.2104269161
5359,264683.6199755373
1490,605552.6586077394
1731,780320.11546042
6840,294092.2364225683
12801,257614.5820532765
7986,554064.9051171066
1714,278380.48450495605
13759,294994.9952348067
3708,270015.26727969095
9937,432431.28257776645
10307,383887.6111367486
169,370880.80150729127
2519,273788.90326101007
1741,193565.0117741371
14940,411032.0688621531
14722,411032.0688621531
7224,399456.90843240416
13500,455297.3599056735
6577,783582.3828736639
435,580896.2845132771
12334,327756.1446931559
7840,432662.0028926848
9783,615321.7584874411
14725,652767.983809629
10072,390132.881414867
11908,180879.31509187364
15101,225716.826614873
13801,540463.3003695277
3636,333136.44653537765
7114,645124.2402775404
4979,740284.5917356381
9684,594139.0513677055
9241,536029.4467086731
931,270508.8442373071
829,539073.2907621559
3510,356971.6714439026
47,408085.7512281945
4150,439382.45738336304
3088,280140.8402219543
6139,593061.6150944796
4076,403981.364548045
8219,554404.3038935305
13753,547256.7569781054
9602,283269.12660444336
14103,301926.7072283416
13812,545782.2317867351
9345,817695.9057701069
12034,302002.9171763223
10567,331018.3810259121
2367,269998.1779821713
4882,665927.2999861031
11087,669900.4034904083
10285,498622.7190254274
14941,628571.0182428868
9921,387056.1302331146
11468,900404.0194053533
5958,406089.29009830544
14301,457089.8496224703
6283,379387.23492964916
14231,382382.89175060054
12891,376269.67527775577
7188,386319.33752704266
11860,327836.00919725647
4049,384172.0267576667
8075,498485.9058315775
12582,320085.07208511187
1347,238690.3789476421
5749,656258.3751208263
14887,556308.1300378516
2994,173050.49300461524
9510,534949.4974149424
201,402055.1983922436
6570,402799.88573763636
6904,812403.1952660275
469,771258.0431333673
14969,503629.21205023956
15238,639747.0899248803
10805,465890.4100206559
432,370203.83843913017
4867,240709.71711362572
8288,775971.2270798113
5077,630380.8856070574
2895,402201.195107139
10419,744581.8780346828
3195,242942.4662127596
281,650137.8257943358
13847,301963.27435167646
2609,142763.16711586705
14104,191323.02172949244
14177,555823.7233153747
7535,430721.35917550436
709,258128.94771444512
8966,612263.0053163376
13895,180876.27764890384
10607,632094.1404090663
519,370356.80650398834
13927,559489.9003879188
440,415951.3795749047
3756,269682.1990052664
13230,554547.8138982502
3578,547738.2515306718
260,269149.0910407731
4415,236700.030184432
4070,649503.9126731032
7820,348456.8274538254
3206,369911.9533755138
6175,649306.7146919492
8029,268867.22333351936
2560,402509.0958768211
28,368133.7288332118
9378,657661.8728105896
12632,547789.7820271328
12314,301932.0204001082
4773,636006.1114748241
12126,352677.2830453451
9669,379295.13507596107
14657,421283.4004231506
2555,239422.9876518898
11764,543079.1633346956
14980,690799.0323864412
12908,452600.63126968185
2155,504406.7329871136
10169,518584.649319684
9736,472610.7211929716
7874,421831.8053174218
12590,596573.815672645
12893,253623.37408182764
5413,638165.4419589485
11286,402101.6342513809
2814,605644.6295238221
4149,672521.5931458655
5569,269204.459007287
11577,635658.3547064727
9148,556540.3304521029
12411,441454.6862854031
1767,766629.8485323429
1227,581095.2711400572
7766,515463.49869710545
2271,238672.15309416168
12449,257574.92469943565
904,371421.92412534315
11635,824585.0984612156
14044,308331.804491207
13181,589250.0418402846
1351,420661.19316777115
5070,212063.0830051197
12190,600076.3213894389
5782,409208.1294747016
7475,549946.8067663114
9071,429529.5832391417
13764,587594.9725631126
13663,526535.2926598862
6959,558688.0722357512
10649,589457.8276984966
11190,300640.0121687759
1214,252355.09272014577
10480,409679.54832014005
10074,257338.12903974723
8627,679458.2079208856
14901,462619.2378586916
9175,267065.4394510132
11752,386779.80441402504
14229,340378.19397922617
3577,606020.93402877
9286,384567.82040530123
7067,558829.1026213802
124,305292.88005957875
14706,287298.10981836484
8518,797456.3430737325
6054,724850.4596715395
8274,265202.74261196045
14989,654653.4314786871
7723,718149.6977298122
274,406418.29788558395
2885,369406.3967200096
13690,593194.8318630534
9247,728026.8413206377
6595,518661.8224236307
9565,671879.8213958892
13974,549550.449213133
12128,546488.2316262762
9316,570744.948738939
12366,301957.96117990976
1985,190739.15262564493
2806,384662.4003962545
7616,599138.6870716498
6062,334298.202645164
3405,596968.8416325727
14498,656559.7092334903
795,768023.6380133851
14844,626402.9315894481
2228,323209.60340832337
11489,611271.34901685
7336,380347.3759812397
14309,382836.8950579799
9624,734459.6961739388
7992,250262.48552774437
11814,569493.8521459297
5225,781181.4241498734
11651,620359.2740132387
3602,606785.9542695417
9393,250575.4495954476
13742,554505.0250157686
3853,632905.4437607186
14890,421283.4004231506
20,305732.4797459061
1057,189630.4532362973
6766,661293.3269810335
9441,402799.88573763636
10306,526725.6493508925
11032,533553.4138996443
1434,145877.32447349068
6890,612334.9804442143
8904,646167.7879203667
13606,180879.31509187364
8903,347179.7704408914
6303,534283.7586273283
14105,301957.96117990976
3166,760732.4464982208
658,466069.6533340601
12713,301932.33293962386
3496,78586.70701072409
10632,349118.44927833317
6730,403084.2677456788
13168,382838.05348568247
2563,166986.57702785474
9471,240686.4021793268
3129,606710.8792235564
14845,434231.2952598366
1226,296612.39307671203
3462,344507.7628341621
8455,745781.0341361394
9249,304464.4714549042
10100,376598.8836489684
6428,263428.3570118375
10365,400682.9759456605
11404,642834.470071035
9238,585805.6929665636
2123,78586.70701072409
8331,453584.11210089264
1327,278966.18714507535
9948,824764.8587164821
13486,548957.2245415613
2679,268573.7086975073
1476,172820.57207631096
11760,548456.9995833703
9387,337389.4481328769
12493,550796.2667542928
9954,589139.4267128985
2997,696447.2320221805
863,761952.6182969343
13807,256988.21598630073
2086,771271.6833460003
14369,699555.8180466469
10896,632132.9813803063
1749,406418.29788558395
3703,307291.9478280152
2969,297992.469589225
12930,180873.24020593404
12698,540439.6590376947
8125,230428.68605980193
15014,538627.2319625958
9073,572267.771958286
609,183880.86107450564
8184,635165.4341030112
5134,283776.6912418567
2237,269506.6559741834
9547,823150.7129633776
4305,347739.3891048456
5153,563231.0127561286
4013,730999.1391249751
6046,492740.3903735785
2289,253470.60939518322
11065,417383.8879441204
14912,630841.4627844372
11529,656192.3854894626
219,581953.4542713206
3837,348569.5613359006
7686,384042.2129903013
11193,424435.6940451602
361,370828.77026896575
6508,435262.1989393099
13129,548318.454474565
2499,262707.5280117737
3546,652236.4682974208
5404,240724.89854863507
328,760115.1593851249
14615,636007.5779543464
12014,529121.8401160408
6487,389986.56260883884
11800,298579.6845373636
1531,239056.3544025639
15120,351880.8771583298
2639,421027.2104320619
8748,648241.4113229017
13603,295585.72285081644
14860,593561.7293600405
4739,822152.372498305
10073,677125.6074651044
6527,439212.77572730125
3290,142764.0854066832
1324,186254.49491875106
2268,603444.3447511211
5771,734085.8433109543
12775,539863.085488807
12962,477518.80341244314
4171,656532.5365924485
2168,420168.86396809726
13552,301964.52450973913
15036,576131.3882998389
5956,347942.95119076537
7782,632202.934555265
9335,412325.22128111724
9045,221676.4073001598
11604,642223.8186028677
10410,280037.1106020446
10435,433566.6284664396
3234,206842.58567203605
1624,696447.2320221805
6152,554744.8987956791
1007,406113.9576487718
13573,340378.19397922617
4920,346308.06256061647
3108,145942.339656396
11570,259314.11349564357
4099,660291.917190444
11502,634424.0681031013
2070,194064.99482755346
6022,220069.69640189427
10004,392675.06477195024
11080,656815.4203971007
8937,336690.43584672816
2151,175680.66687134298
189,450764.7316030968
7931,496153.2231088223
5859,346678.46127542853
10390,631979.745953555
2702,370365.383914505
1958,605305.8945139899
9368,388573.65320904786
14196,326354.6682050073
5606,219495.3956969595
6384,534292.3971001282
3548,403214.3438344617
10913,204948.7806071032
9356,418939.8624749916
12810,452186.12728232483
6557,384237.59423285443
5810,721065.6605643216
4190,637730.2112052643
12528,440354.1743240257
103,581111.041583068
5529,367666.67856110435
3692,232310.43515562828
12420,543079.1633346956
12263,382382.89175060054
1403,145221.52583132614
13693,180879.31509187364
7333,738280.6968485382
10940,632368.9887784102
12075,543079.1633346956
374,605626.9322625521
5000,409917.1006024469
8118,631696.2239198345
14480,820380.8239656221
11536,661293.3269810335
9470,312032.43910839973
10802,496153.2231088223
11100,212399.86467039364
8026,783128.1733701174
12350,550294.4226055802
1685,168634.49749755935
6792,403038.3997313308
1769,286775.77491349925
5655,785979.7355135656
6649,353636.8175939278
5805,238723.02994344605
1412,172905.14617035276
9367,495981.12772941496
2877,582815.4852877888
5712,351920.35658971546
11683,758835.8103187545
14717,617933.0254581836
6463,388009.6979225361
2450,253160.55779553996
6551,626603.9057976165
10521,738280.6489815001
6561,665681.0652882572
6951,733901.5610244407
3422,202172.02214407703
9858,425916.47903161513
3820,232525.24048712058
11711,827953.0841399274
10087,466411.57150647865
14078,182763.31294842536
13766,546117.9403485486
6146,247540.5720519302
7959,522013.2046426051
14578,523678.0914457354
8785,605877.5167796348
11244,385470.37810883275
386,759319.7115472633
11039,392069.81510597287
7746,408905.94946117915
312,271129.9454967255
12369,548290.8640322566
2907,253133.75056323086
7641,645388.334904997
1062,236888.772880735
11778,540949.0882492498
12860,180875.82203245832
5769,491808.76342322805
8666,738217.5833354068
1054,370836.46264113975
15063,440555.7706051302
10557,384042.2129903013
9657,434849.601628711
10084,323133.8090286533
2989,178251.37940036226
3373,505163.98586279975
9258,734445.4037534094
354,332379.3974666981
4462,634719.5569544155
9005,443954.7173025803
7002,347321.95037726255
13388,308331.804491207
2320,145482.055819679
13769,180871.41774015216
3017,421775.78090435517
15,291961.4842532428
3275,406418.29788558395
3609,602701.9195761527
534,245195.4288188237
2513,145526.02280283917
1612,425785.8631970696
2663,749142.2813230541
11274,719104.6768552766
11232,818155.8377592645
7772,421201.37720860017
6930,388649.141632192
3990,637023.8907996023
9973,783882.6662854836
4666,499083.8516727617
4004,626561.3250711013
3317,280358.3733154539
569,172228.63942582312
9315,732427.2054550855
11568,836692.9282850829
32,405478.4094820812
10244,365578.43248939846
122,566258.313800668
2526,332947.687924708
11729,611271.34901685
14633,472988.0324688497
1689,211786.30717492593
14584,531649.7403440658
733,305768.8634303013
10620,534479.3572933176
12797,328536.26838494977
80,402641.7698197898
2003,150333.04078112345
14272,541070.1977191181
411,333496.5773154306
1494,269053.4642289376
10994,644201.4466476878
8583,351920.35658971546
4217,407605.4443327595
1576,577678.8621283674
4130,658789.5910595405
12767,378103.9281785806
11897,384337.1589352143
11520,570447.2791460466
14252,296537.66937101656
9373,386378.84349107766
9035,218968.0494949713
14956,723437.9498581028
13329,384198.3425133574
14096,546488.2316262762
8487,538066.9557630428
2453,145642.73928142537
5195,720506.5550902346
8016,522725.7884225091
9245,405669.46357014345
8073,460565.28471124906
8058,586102.6773131756
5051,704632.4816887665
3107,607579.8204515893
4960,412778.2692365104
9301,522010.64497776853
11586,320592.49318121676
3502,539078.9903821212
13667,294650.7502474026
13315,379018.25580861775
1599,304551.53109926713
9103,449134.1669821156
1419,622366.9130209616
9294,498844.1162404324
12907,532760.8994839237
3012,268160.7798180199
12684,530739.8695596249
3388,370415.7011897355
9181,554682.572444535
11068,346416.6454939501
14513,724062.8477439961
12680,301932.33293962386
11998,343233.08139591786
11875,180858.05299108505
11059,713364.3347691069
11823,651986.7156757014
14025,301932.33293962386
456,231790.95668671615
8828,406883.6856844984
1371,435830.5716288076
1984,260850.34503664018
10732,240561.14262397375
13289,326549.4410640887
12345,360142.70670512586
14654,424228.08862062567
14183,258815.74457130814
8177,368610.3368592849
2958,737315.652018125
10167,239795.6484166025
4085,782372.9341880791
11399,561289.3535976547
3681,269002.54865897883
10845,785600.1487316999
3996,751486.733745134
9996,443950.58136082406
12188,455297.3599056735
174,270905.3356557931
6819,414895.70713476057
51,179151.14307730447
14875,578461.9496535801
3753,551636.8152556156
5226,771124.9122813528
13493,387209.30874184356
400,605469.9329654812
750,270756.28503925155
3821,661662.8370624135
14433,452868.1950503603
8727,743312.6011011896
12967,182561.77772929642
5305,550509.8341150747
3060,605710.5691209373
8652,737766.0698852139
4468,819081.4769821207
1040,406498.94689398154
3781,193558.48277052192
1140,145526.02280283917
12790,576191.2151055471
1945,270229.5629267526
3014,201410.24307725686
8689,745530.5289852922
8560,832694.4560436498
7647,568313.1874710382
8588,392753.15167462896
4673,382461.2899702315
14253,543079.1633346956
9726,427803.56939476926
10933,443790.24894228455
9823,239532.95131955648
4636,385124.35905869503
11027,654054.9791584846
4202,443964.5694401518
3071,397492.8729638024
9038,453508.6770163723
8370,436479.1942647232
11265,824771.703783036
3064,145597.55908548718
12370,554810.5168278475
12178,383317.99666754657
4418,411082.87189136905
14857,680022.1576325521
3329,770961.4501443142
14800,508822.67160884815
8293,208885.78511186014
3345,316364.1641255771
5713,733270.497197153
3523,449721.7645740251
10346,549946.8067663114
5641,375242.34841090103
1,185842.76468309335
8424,238378.7709561199
12165,301974.4507339653
8286,423027.8665536692
5307,600068.2484715468
10684,335791.3360836336
9341,388068.08371716645
2685,268401.45695914526
5310,734233.539944741
8538,499694.6910105398
2928,416694.04109112173
14464,465471.12207206624
9424,550140.7106183702
2316,775222.1169400704
12928,541640.962261195
4396,632183.2190781713
5763,308131.6689495939
7624,346640.79750831926
2849,172820.57207631096
9467,301648.9405276431
14673,583991.2721696248
12740,256560.87644457325
5791,384401.00349986466
8508,703367.0254890847
9305,496020.30706870067
5873,448318.86334717233
3624,258169.61925485643
10741,656113.376050829
2326,232453.76775172394
10685,774056.3239026219
14674,727377.5934677422
625,537446.8542249938
5026,732137.9850781637
11945,548257.0365267012
1870,370356.2660912728
2933,332471.79124884604
13906,542947.9371280379
10769,450251.786159518
2860,228940.36623267032
4128,785645.8302408739
9993,384926.17580793257
9351,817875.3140759582
9076,483947.1347921494
4314,637730.2112052643
5387,625893.8206767351
7832,399896.47584931785
14264,454312.45164951164
9,291589.39396512497
4949,608003.5427228529
15059,557885.9932388919
13887,320085.07208511187
5362,631550.395485417
6182,451098.2732432968
451,422784.3387836566
3406,216761.32232352957
3669,238948.54989458917
4610,636406.921068935
12944,191382.32179826283
3209,299296.9258146415
6910,356228.0186497115
3647,134946.27435361067
10815,783960.6154821131
10768,643738.2526720229
2590,233304.82961267204
10296,418313.8817537992
182,596063.0760824201
7284,665531.4458645096
5548,649339.4406994693
12271,373033.6995288538
9414,632448.9426831955
4769,725638.0739001022
7776,838840.5188763915
12759,403795.8931586271
9501,631857.4880806359
7758,648821.1864591733
13635,439820.5262153425
8806,709137.9149039106
1534,253133.75056323086
9545,344332.9093711708
14114,539410.166156664
12074,326793.9517879229
4820,494331.1938808166
8673,679585.0502115104
6707,738377.555573588
14792,569105.0652873084
15065,718201.6393266956
773,450764.44459658075
10515,744112.1697785289
8834,733842.6032345581
285,273104.6205489413
2544,415366.35139966663
10892,632151.4004860129
1963,201537.027164571
327,269387.5471486909
11884,454120.1205244133
12591,301926.7072283416
14752,478702.5619106644
7530,417619.5666515514
9363,676669.7397046763
6210,776272.0720793935
7226,554397.5417254741
4792,831372.1970451646
6313,837537.1246948503
2233,238882.41210677917
2055,254008.93527359434
2127,136351.81794155645
8160,380585.21500093554
4295,733309.464596608
5067,571978.4804280824
1262,409061.8285669818
13634,545119.1115309987
2216,188763.99062274967
8365,481160.4370595641
13627,383001.56618314976
13449,301957.96117990976
5688,776234.0800153903
14098,295909.4239645866
5126,673672.7079449778
12270,384316.63063019543
8871,520360.2210913909
8493,742470.5322702994
9320,653493.2380440491
9699,652838.1540006518
2349,231208.3614942581
2141,580997.5030630797
9620,558825.386695369
14805,470976.5559949424
13425,183127.00602853685
4994,612236.6144361161
7448,644293.3863333622
8496,385205.823726275
3059,759393.7587756298
13312,191325.41196575758
1248,277802.5743571854
978,538782.4163798395
13539,293861.1246583655
3315,268996.96859183063
14648,613498.4953819406
4654,635187.3980354143
7321,301510.3336120881
9781,356228.0186497115
9357,348861.49587297975
5118,735013.3018207974
7860,429532.2563769244
6826,636664.8003414044
9647,592419.7179411454
6249,825238.8745716
9930,817603.0309434545
15167,398259.5239140682
9961,565515.0067363884
10546,342718.8780676174
13293,393105.25910130003
5640,452189.5718535546
14346,593194.8318630534
2013,421323.68682091625
12404,542887.2915182936
8452,736863.0536921117
12333,457089.8496224703
11031,380585.21500093554
15042,722949.6090947844
6391,403730.16220505524
9270,384947.07218246
4476,497226.16821512044
5145,500841.9586381967
6250,239831.72568497586
1744,145415.54872803914
9423,635397.0696660513
7378,445541.48991147196
12191,454379.33162115794
4354,497460.25726959226
4078,746048.6546948346
3834,781849.3784125115
13204,302007.7360008943
14202,442482.69502988027
8710,728064.4598981994
9813,346272.5671493232
14316,441678.61596513365
14180,381240.34920409316
5690,347573.6453409213
5435,498697.91014474316
5717,392753.15167462896
10342,452898.18446612346
12577,180876.27764890384
1218,300927.86095257057
14688,471360.70433492836
9490,714224.4989389719
3464,211050.4872436228
8021,632151.4004860129
4337,704625.6617680631
3845,646167.7879203667
14072,212130.6100998449
178,416021.5496965152
12738,294650.7502474026
15185,573188.0847945963
15196,291723.2884306017
458,665968.0047017238
10775,781641.5300648112
4065,571999.8646691067
14066,541200.1367548774
8266,670077.8120983848
64,460271.8550697901
14026,441513.30897407274
8132,825597.2038778694
1698,397492.8729638024
6068,831491.3164191211
7135,501522.23599660414
2627,186511.55984276225
3480,269178.4586054336
10069,714909.7369864704
4029,658793.3308460164
10810,384623.6098187816
10712,537670.9355068095
2936,767736.6500000011
6462,379801.8800151322
8875,380336.8050997285
7748,488735.04609387624
3805,270330.5559489809
4956,729636.4935207432
9552,346748.30008247826
11481,678490.9430409193
6202,572267.771958286
13303,257614.5820532765
13632,180878.25198683422
8811,726439.4097125935
1594,174692.57433189603
8726,384310.9712716622
9293,234546.66939893176
6504,620793.2489835212
10086,385134.9994731874
796,191555.49143841368
7579,642983.6268210674
10944,460565.28471124906
6885,388336.75264905975
11029,649224.2862722855
4334,609400.7468454263
9694,384678.957459592
634,539143.0852389927
564,462133.99927768606
11240,634394.7650498454
7769,385047.6352701243
5747,746479.4414981506
5280,412998.3525904346
10265,535728.9677152054
6115,592550.2768481369
6129,266873.8154316513
11478,837539.2009628385
10320,734260.0957696378
8232,732296.8098824463
10496,497280.9036838959
5033,633838.3079088563
6680,285923.54192009254
3572,768490.0237420239
12920,543951.5503105563
4035,281804.07631972036
1535,415488.2477920895
4437,479201.7727732591
10448,217315.42412278833
14598,445943.33824877586
6633,832665.9798908288
11296,661293.3269810335
6204,577818.6825792516
2678,226899.20555777173
11298,634442.281475349
12870,582115.5397249435
6573,584136.3965781764
5398,724396.3055849258
3705,232287.26627659574
3653,266940.34008304495
6742,829434.2335235277
408,765805.0623703133
10163,352914.7592697693
13751,548899.2551152043
8401,298996.0429065259
7020,285521.8863264868
8984,383427.4299790537
15197,353928.2798251983
12592,301967.6572719652
6120,425553.6467228442
2920,821647.7102064333
2215,145538.42156239663
2586,404840.6809240583
7260,637207.1106689195
10023,391761.407867617
10400,655597.0648380787
14414,658855.3030714575
8068,384678.957459592
9932,687716.535877171
1386,129725.07756455487
12880,301926.7072283416
684,606280.522638771
5993,830830.5523158122
1079,581129.3588495117
12268,543799.7646139248
14345,382302.7415554188
8169,398600.69231066824
9149,522013.2046426051
10352,218924.66295518525
5023,720633.8604725484
12019,385744.3168244756
3659,402129.407050485
8940,724724.0869639624
5466,239713.86452199527
748,269899.29505877546
12251,532760.8994839237
8251,735501.8924272427
12073,480025.68059284997
12834,383317.99666754657
7035,346076.0773728497
591,252360.20381501244
8078,416110.66487887886
12344,337443.7243358555
5860,249603.73634460132
2190,166973.68293803514
3276,222068.68487768562
1492,231200.7229702589
1804,188387.4523896388
7311,385019.35172840994
5663,715814.4464744341
14985,472988.0324688497
6498,732424.6605891235
11995,376434.21188422304
14903,471626.1726053141
4232,686769.0281244592
5397,632181.1448792304
3468,270500.43473372987
6189,304728.54660711694
5043,826858.3551536216
14631,528272.9429634579
474,370327.6321641372
13737,366454.6663831066
1399,145651.8539256009
14004,398594.44275861635
14810,652767.983809629
6909,725171.8066141596
8061,414399.9342948373
3904,626478.0106418876
12180,548957.2245415613
14984,431857.7865623482
4984,626068.0731354186
2338,252585.97715408547
9550,457764.85440380574
2313,332288.25093009067
12206,180879.31509187364
6946,498199.2685473515
1745,603353.063984549
2255,248467.0453169876
7232,652169.6385549572
1922,233383.50097300689
587,373003.4211736197
7640,823601.3017351588
8047,529836.8718077678
15111,353928.2798251983
11946,545187.722536839
2761,180404.46237030724
9871,379635.13055547664
9881,384704.6337366811
1723,252362.7593624458
2406,249349.03394935693
4561,776783.6266146163
9456,427352.3227800014
11028,627010.1250331796
10671,738099.1319223046
12723,608216.6636441768
8445,738135.2097023245
7673,256154.97852618736
6181,736533.7481714837
9211,286251.64645640465
14128,526496.8904598252
13156,545782.2317867351
14979,401605.0451668401
12358,694639.1241429789
11479,731488.6699201054
4661,420355.3429144627
12129,539959.3706373058
7150,257425.00676169118
13910,302007.7360008943
14058,255558.86490402438
3839,657396.050782759
11804,296494.6827523586
8625,420569.29535620555
994,547632.9835930809
2391,142763.99795041519
14568,690102.3646113938
2100,268920.4946834004
14028,257224.7878158225
6854,192420.28061400054
3066,280112.3075490444
10510,297385.07046481
2035,470314.16225237865
11806,532468.3920068168
812,180479.96850946834
8874,361218.5915293788
2865,231200.7229702589
9354,346442.4196925404
2445,242942.14313974333
4340,491564.4600336869
11336,836692.9282850829
9342,294205.25175697595
1740,326353.053132374
7771,420731.01618294255
9827,651663.9548692796
6809,381160.5475850826
8181,555121.298500312
8060,633915.9711723118
4534,323276.3324543175
1684,247949.95611920912
2615,581929.0095148794
11855,180858.05299108505
11540,622882.6035926167
9352,504434.2447808434
8009,343012.3031595968
3456,366198.7685321222
1796,369264.80036400154
10558,418734.0653807995
8291,781988.8465222832
14151,540824.6985090985
13997,384048.03668103117
2309,201461.68876045593
4562,644149.2418385288
9986,439809.6410313498
6386,394566.3812346797
2484,146131.5116143656
7757,347832.99028851057
9975,730976.9965426708
6390,753201.6412451367
7090,565515.0067363884
10021,257425.00676169118
1489,333722.7129628133
12480,371444.2946534731
8843,837436.5340136082
4191,658543.6163158912
11008,545491.1530181789
6614,208834.5991270402
14987,496512.8248750328
2705,404727.51133647416
3860,403139.9538594885
963,145569.95613516372
13393,335313.3921576523
8154,416452.73364592757
5251,238994.56134039917
13875,532032.9607536768
5551,745811.8646780677
4694,823682.4885520074
1587,582040.2754421028
13255,443495.7529190041
15160,442939.5677667018
7815,399306.5683526441
3446,435860.9354094148
5847,269218.4215043477
3205,462029.8345788721
2232,270226.04099511285
5021,653139.1919706706
12381,180879.31509187364
6927,203654.98261385178
13296,180878.25198683422
12105,384063.3564616391
4903,263600.19966991385
12747,384021.26040108176
10780,777013.4610281349
4,605639.36126062
14417,628342.5410565194
2125,367202.89795546595
4902,644098.9587504291
8268,824984.9840608059
3450,370596.4472814703
11692,632312.4943332665
10605,744058.1707977965
9670,728717.2651024909
961,421781.70361022063
8423,426820.5326107748
11069,641347.8201361534
14226,257224.7878158225
14401,424228.08862062567
6443,319988.1942907277
3434,208511.8393104868
7290,412922.94705640717
14551,471626.1726053141
10882,725629.8026251786
9672,744053.5178451086
11357,534913.7595074859
14452,628192.0219903523
8142,544378.1032737659
2202,145511.29002155576
10840,407785.420772435
6591,766838.7154895549
13856,456413.5626298374
12588,526539.3845841021
14160,301964.8370492548
7408,553096.4252941967
9700,420011.8001813996
6159,372325.9353117378
7976,408794.99100093276
8799,425090.9329592983
8036,570534.8488849633
6368,572161.0359370137
4292,420297.567228549
5668,321136.4061759313
3026,146043.2859090505
1580,146020.78878329776
8046,373586.71777904814
9757,491584.41073685733
10001,446419.17468241265
3207,435857.467036107
13685,337072.43826629175
2040,271194.06174133247
1800,415925.3285572251
9528,421573.2665164096
11976,547789.7820271328
13922,301958.22219640855
4105,717189.7846762212
5708,448618.0680539579
6077,407914.5279224687
7478,403432.8209547298
8582,322844.5432597888
12943,180877.49262609176
1890,298421.0563500115
721,232282.63250078924
10261,427688.7392894514
971,303903.1747289758
2770,673224.9207347161
12005,182920.927192586
2251,258169.61925485643
4330,640058.0948720394
5013,644768.8940579747
9759,719650.1433300117
389,286975.17271092435
12416,548456.9995833703
13695,337229.10008362634
11634,822445.0993010713
8883,396537.1855273296
2479,173329.62492000245
316,416788.87011973537
8501,386316.8240416319
7763,686153.0038921846
6093,732759.8200252953
1329,370365.383914505
5278,297756.67873539747
12939,442733.75507734425
4879,430737.4259630532
11545,661305.2751062353
5083,853011.6029381659
2862,333722.7129628133
2532,581085.8291514951
7384,710610.9676756351
606,539147.0782156489
15078,353437.33702162094
8119,406520.36248868646
1027,286760.52824525133
2324,402124.1064320391
13645,457089.8496224703
11842,301851.6977445779
2752,279811.16743106046
13784,576807.7905918828
5383,255824.10113970976
7096,349283.2586407247
14618,660823.191678435
7406,400178.73649311427
1369,334695.88143321616
9773,821366.7806713257
1254,186511.55984276225
2537,270522.36515170743
4609,746515.4421189269
5279,771642.9155452764
14720,652767.983809629
6871,414364.57583975187
14179,545239.2582362271
12347,542815.5435199477
2272,268996.96859183063
2451,242280.89154991833
9198,393293.6161066124
9849,612515.0996693621
11496,642064.7483645916
426,581101.1179859479
3102,269941.74494664173
14275,539346.8074124753
9202,670512.7398137581
1112,761692.7976994386
13899,308317.25942330115
14552,681919.4251276471
638,606175.0492094359
249,370854.89431299013
6931,438750.8257969586
11869,589250.0418402846
5924,319037.68949607364
9295,347704.64818217186
697,605677.9225496366
2449,202711.19247095325
14718,439982.9791770176
5611,687686.5737377048
8324,648465.8404079101
1237,146043.9870355255
9451,445040.7999483985
11994,440578.5040354998
3939,551756.6208349247
1517,505682.5983999001
9938,558829.1026213802
5514,240740.66555369121
12477,555823.7233153747
14442,549889.5141310229
1012,246563.34942904403
71,648360.3307278567
3648,647678.6419968747
2992,222070.1833545782
9846,526803.6057358292
10753,632323.5385005707
13249,606967.6165257113
1179,269269.13727464265
4460,422837.9385329969
7177,402475.2185987758
3560,402426.26001946745
7841,537670.9355068095
4505,485269.46852330305
12872,180924.69866943537
14218,608216.6636441768
5503,808992.8458316589
11899,369777.4358692874
10415,520744.9937713912
11162,782299.6684716882
14733,647120.1012952388
42,605639.36126062
168,581173.55627644
7317,407722.50463261077
7891,782307.6434610842
14060,187589.6651886889
13186,371746.6345922617
7048,741083.786239265
14853,470976.5559949424
11745,393546.59926010907
9648,632311.7287014636
6868,788196.0082463678
13427,329214.7116960181
1084,245618.2103194059
2381,236549.36494156416
3895,348055.3756020823
7590,670512.9079596133
806,333953.1135816508
4126,724728.1969334682
3342,639651.9877151293
6254,484292.96121866873
11289,656192.3854894626
3493,145167.3428860394
9495,397755.6203132492
6127,610479.7342171709
7526,656003.6634101674
3680,186258.9375722335
4075,725107.0652287996
9799,429363.5846019862
12886,186933.40431034355
15177,354340.000250149
5854,569698.6853045397
10837,591142.5430932066
13879,371903.6130046741
13673,301311.1704225058
4257,819259.5711180316
6735,479830.99013396626
13155,540913.7193210626
7069,406727.3851671652
2096,403515.22930927994
7692,320194.7414155269
12792,191323.02172949244
8297,498606.06040657486
2808,763655.3885314558
11110,347370.1312070255
2311,231024.3008058527
13144,308376.81341416703
4503,656771.7911401726
13976,333772.87041605235
3593,402428.0756433567
171,304423.07198361837
14572,562336.6824648541
218,134863.09445276862
13381,301934.208176718
7999,450256.50044020213
4487,660608.7861538042
7804,384325.3491488757
13818,258125.13938222162
2681,268802.4512603901
9031,710924.7451384593
7697,611468.4838389689
13266,301958.22219640855
11174,657030.3592944035
4116,797130.6401849517
7310,583823.5605997083
8720,632264.7754383673
7730,529038.0936654293
13143,384940.5677318344
7898,450251.786159518
901,193961.06678795087
5904,442658.9306124891
185,270661.5178318054
11676,719799.8062245181
2789,136708.82340170804
8818,544450.343938924
7268,754089.6203029704
8797,342135.36039025534
12861,747960.8387235496
3997,347336.46768309857
14144,546756.5300367443
4398,650137.115459702
9816,811535.2137712147
8440,269204.459007287
2407,547425.8419147572
7029,343269.6446991045
7220,644377.4622661886
8695,729610.1371174094
10523,730787.2568879413
593,267481.37091709
10663,492580.4391892188
8872,607416.3487335221
10088,667211.5605310808
1618,253106.1174951126
15072,260626.36240037868
6212,350534.8325210038
7019,568829.695987832
14333,287576.76027802157
1115,280218.0495401339
6867,640225.2300471335
14347,337433.89552928245
539,195294.86503625844
9090,321215.49010313983
12864,258178.04011103592
3709,306141.42596860597
12217,534524.1730261124
2129,539078.9903821212
3503,390081.58189700777
9000,266873.8154316513
9521,325888.04564642126
2405,269135.8066912243
10926,444814.14799413015
5982,492237.5777157784
8545,320455.7690620774
395,274843.2289618475
7402,732655.8784966657
294,760866.773155525
8066,628992.8230978707
3308,307620.3657978802
14905,549702.3192465839
12863,301961.0865750666
9086,659908.6096987152
12239,327017.3789492611
4402,775101.2919856268
12114,415390.948961563
8529,426081.6722952967
11697,825063.1386566826
5599,273096.79528375424
14215,598956.6188662439
12614,548293.2561428421
5341,413394.6540032275
6979,239632.20670642905
3257,406379.2481084905
4803,736435.2459994121
2880,270332.90390340745
6665,386950.0667750437
9526,324997.3705265883
13936,454140.40457728493
5350,464749.73913722613
13127,180865.64659850954
2026,190556.96787163866
9723,279602.27002216317
4451,531846.7696917511
6113,383427.4299790537
11988,191334.97291081812
11058,259287.7688487597
6558,298477.4735727785
13369,301932.33293962386
8035,634427.8504774495
10267,642213.4879053284
5152,346727.6892673417
10128,636481.5941837444
9643,405845.8220091321
7111,491859.8863286193
466,602716.111773608
2010,263982.46639781
3992,830624.2638852388
6933,439152.31027636095
5741,568896.9611765803
114,605726.4742031721
9052,736533.7481714837
11266,679458.2079208856
8255,729121.970547386
14992,496512.8248750328
13736,437384.611471296
7511,249939.51282453572
7880,421976.95597868296
3448,201519.5766880615
36,247421.22676521481
4106,238291.3445085365
8749,823027.3479907574
1072,606825.2967357552
5354,444773.21834420064
6926,826599.1251030467
10156,491322.82522837317
5764,544402.9094660942
3911,349206.3893968652
3106,422388.46518511954
1373,223380.58360817464
8764,209548.607077607
3722,231208.3614942581
5345,259624.69775510952
5380,775707.2477289324
3818,242942.14313974333
10447,481561.3188740364
4751,653046.8279606523
2020,302675.83892822266
11176,431473.6846977065
13251,440117.1366979423
11210,378742.9138950901
869,506204.22027191136
8704,239464.0891613484
15055,723437.9498581028
16,191226.97490994574
7614,724375.9895681953
12137,301957.96117990976
13206,442961.8667464844
15184,226483.29707067713
14928,462619.2378586916
8810,767496.7941240876
12286,531644.9393952531
15031,458775.5758059058
5757,430966.94022190524
6028,443134.7305729895
10932,414399.9342948373
2803,770101.2158532724
10736,379755.9971800233
7316,264945.13629045465
7414,498622.7190254274
14194,542781.0329642135
7749,534479.3572933176
11361,572454.407443512
4177,682950.7963338766
6537,663019.7636951902
6426,634734.1619272956
4919,498594.43254447833
1852,252349.98162527895
15001,601110.8999354274
12896,301964.52450973913
10947,625475.1310277353
5598,551858.5016269487
5929,407186.16323546617
6168,731997.7644706642
12906,608216.6636441768
9203,251798.02331337048
6758,610019.2596348774
11150,725803.4211409171
5564,591848.967587794
11598,452093.7968546848
10252,736160.3839201655
7797,409385.48660360835
84,539110.2483370341
4685,607115.6507644701
7235,533333.352678933
5122,720369.6601952317
12752,470044.40080424666
9841,421743.55417575646
1003,237535.90031706056
2460,231709.3051870422
4399,644149.2418385288
7677,586457.0295110369
4088,346558.82901950483
4281,653971.3368555801
10424,380053.56387902086
8918,401808.63912864425
536,268858.29634551913
11456,263661.91185867245
1483,605325.3724235334
7380,811144.2324546964
7388,391618.2984911383
13954,382222.0493336505
6530,632480.1902910126
6878,738995.224536066
4102,790660.0026914028
1484,373998.47373292706
13495,540824.6985090985
4731,592484.9973946412
10426,632312.4943332665
3910,683622.9262976102
5045,369457.3432741301
2500,602751.8778421574
10145,299120.1899736653
3356,246261.1143831337
11914,180864.12787702464
1859,590425.6163254981
11953,301957.90965689276
248,763481.4319133959
2901,135016.25094703343
8388,660352.4620504469
8193,668233.6887104131
6163,408589.0091993641
4296,638105.5108547388
4169,639379.520339821
13373,386262.9681316337
13930,377981.33636465966
9192,478701.16328094306
8830,441397.8169581166
12415,557232.7638313728
12611,548618.5834685243
9229,717333.982640148
13691,337433.89552928245
3943,777646.6918094471
14562,424183.30945321056
8878,661764.8458282314
873,236321.93718996248
6467,255879.0538436224
3618,405686.20910598955
4502,826039.823333896
136,582113.8156270771
9940,406727.3851671652
8172,736296.1154947749
8041,483779.7858337491
14592,723437.9498581028
1044,370862.5866851642
3121,269641.65307866316
1086,201665.5490870406
7901,251141.6664957921
14564,723373.618759437
9797,826599.1251030467
4192,400519.3723515731
3430,419251.62549086555
2113,270048.06674520636
1352,239844.72026335515
8952,553985.3070672714
9640,644607.6188056056
867,237303.95637128933
7413,442989.56902473443
10646,590952.4830981002
275,269675.9358825221
8889,650323.793529463
5565,409386.56534129824
1148,274992.46103991533
5405,655952.3713561075
3426,306989.59324454574
11819,302032.5222763736
4044,572069.4095250097
3016,268103.34026930254
6891,294720.2305173036
7299,347192.94264404365
1905,415510.533918174
834,279782.2052523474
6211,387004.8718736486
15143,353719.5343193983
8441,387682.4510347568
3387,406379.2481084905
14668,757476.8290752891
1176,300590.6273262339
11491,670598.7767677689
7189,294252.77441964287
12693,382360.6358130418
8407,683741.4966538857
2440,180089.64836127814
6408,572187.3710761985
8369,634394.7650498454
11725,560734.7808385717
6581,215749.81712229754
8540,551171.6699757724
11194,352207.4289479353
1198,294349.8668483238
430,270920.18157562724
10035,251294.47794979607
14349,180879.31509187364
6334,472610.7211929716
10990,406520.36248868646
7989,788786.9155580759
7320,571976.0807169497
12743,540090.7808049223
5837,444810.2112448852
10241,248573.15607539966
11070,424811.2625693952
1965,259293.99059118124
12545,395194.85595513147
3380,639095.152977444
13280,454140.40457728493
14748,626837.4669715397
3616,232447.87381402272
300,596627.3045671202
2110,170840.11593088566
11170,631961.3100534133
4245,789506.2981321041
14925,658941.4168080385
4338,627542.954972472
8226,626050.6714156332
6492,676669.7397046763
5666,781662.6487369465
11573,575648.6621511336
11163,347182.03874076187
14754,682506.4779153172
1191,406414.0781083072
9682,510885.0222749013
2345,241911.43168492042
13229,424809.00819612504
120,402821.6048913393
9685,493161.2606755897
8917,492740.3903735785
7599,222911.86087567522
11189,222565.69855759293
1724,286760.2235009698
9220,750130.9001530234
12748,187589.6651886889
3223,167862.74134107446
8732,734066.5843733122
2975,201040.94278074245
11952,191432.70384573162
4752,723866.8661041933
8048,752818.539974457
7912,523603.5681864787
9925,638951.6661352202
11229,571304.6033622385
377,554094.1141145892
11817,548318.454474565
12356,295470.28907248686
705,436310.8601983553
13492,384104.3675395667
3828,402606.4404048969
4210,534683.3837412657
11599,679365.7305939859
10127,282443.33771750436
12959,547087.3602235555
13964,301957.96117990976
4157,442207.5249854327
5633,747834.707728947
1451,334030.63508670207
10540,384305.4565645593
12403,562124.9525029189
10827,405847.29028318025
9862,613939.8660630683
12456,298579.6845373636
10779,635436.2849686623
5903,527363.4220990324
5689,832694.4560436498
7302,757041.3821008182
5197,348496.87828723894
12218,391210.2953570954
11607,723079.796935024
12153,543221.3011330703
6026,440621.5722015259
1635,270598.379320633
4504,783763.69119484
2496,273334.75697475683
1431,459479.9859411982
5166,495413.20937554305
6331,670512.7398137581
11096,309506.96340017807
13339,301927.0197678573
8087,264281.9456782101
2610,146043.9870355255
13797,180861.09043405487
14051,539638.3599274878
8080,238654.4143861733
34,368286.902589145
3823,253160.55779553996
11228,787312.7893055822
14589,628571.0182428868
11555,638753.0611838881
14056,301962.64927264507
4014,569274.4460961137
7192,657861.63190212
3015,145416.71727216433
7121,327358.30017184734
1298,145287.80646355374
5490,822970.5562470685
9989,465689.08752297726
12332,442645.3498531384
9234,281609.6774119665
909,416484.72197951726
6850,579830.1748080254
7604,409700.1738369445
12278,558844.9107525293
14735,496512.8248750328
11445,722537.3790013327
8725,569698.6853045397
7203,257338.12903974723
15034,686742.9526941889
5170,568643.4577505407
10563,320194.7414155269
13791,651986.7156757014
112,781079.5231941747
3754,236549.36494156416
1702,146366.76134567527
1784,135070.09262560072
4786,497150.2297243341
5583,389609.13370843336
9145,403258.5392000098
979,416469.12169125816
5271,727013.0240147223
9559,273096.79528375424
9998,263399.5026189894
5555,296883.80129387684
9895,239849.66638683688
5437,860815.2637640797
7551,410570.93076913117
11321,646167.7879203667
6324,219118.82310915453
13456,287397.2701142965
12688,529860.0177586267
1409,370011.88189465174
9994,552314.6431363847
9416,571160.8244477198
10331,465776.81563923624
14527,676592.7994573386
9870,746074.6678545815
9927,827953.0841399274
5080,592484.9973946412
8604,414959.5289178159
5654,421681.6388699248
9056,214032.95925307006
3949,241167.27260606835
6495,733115.3818915766
9337,406834.4758242102
7066,432431.28257776645
397,289823.2883441476
5460,725209.5572973877
9114,258683.04404582677
4527,640316.1561587588
7509,263898.2009897039
13485,547256.7569781054
14259,295585.72285081644
5636,812015.4947481141
1600,190698.7160689138
9680,381160.5475850826
5884,559512.5516237284
818,580828.15270714
8304,719076.5497807546
9254,619970.198538063
7979,273114.36291014275
10045,665456.2932502502
217,397609.6806710379
7633,414191.53860725026
4696,673551.9392661271
6105,432733.38330905885
13151,256988.21598630073
9404,408128.6767534971
3370,269957.0946084936
14361,558177.6317469978
10977,348904.68175712955
12812,326825.35627458827
612,356210.8193263541
1513,222062.69097011536
11551,619548.9289726114
14549,462619.2378586916
14832,820380.8239656221
3520,435838.2560308931
9437,642223.8186028677
5933,779442.649863285
14774,576131.3882998389
2472,581092.5183914967
4394,626364.1771932169
3289,146977.50886149818
3600,394602.5423771584
4601,746564.4128832212
12375,534194.3807705832
764,250993.44332538958
15117,260846.34342989154
10339,628608.3869668982
8970,601021.4058215469
7435,526725.6493508925
4843,341165.32915559295
10695,688812.8522428693
11295,796235.0052732986
4107,625737.2005958598
5432,692522.6717022579
12676,545711.6016198008
1622,179912.1534374515
13863,438844.69016853214
8655,733234.1252729766
4027,823697.9856903204
3298,416324.92587640823
4047,720032.7118954055
3533,759113.2078405279
14921,722714.3948059117
8105,544689.1536396631
11051,297231.35179338383
13470,301983.5599955196
2656,274124.83073630405
3269,142764.0854066832
7164,251294.47794979607
12387,541859.8557557886
7601,614357.8600470917
9631,532672.2807497274
5494,427290.6249244668
5002,722641.537054688
6984,670413.1697597431
14655,540783.8953041381
4195,347279.00454791146
654,246405.3248443418
2955,581092.6227055729
10311,216185.907847071
4123,711881.7012351879
15193,225713.66647521436
6378,304464.4714549042
12496,441919.759535461
9674,554303.1159705418
6166,406883.6856844984
6795,520633.45637613
13947,301957.96117990976
480,406394.98604711983
8116,267172.8440434198
8716,379810.0465631491
4768,691577.8828606647
104,761850.3080280786
1158,423391.04607737355
10335,343211.3064921021
1384,270872.0044783767
11525,446093.10084323125
4439,776492.732826892
8198,641347.8201361534
7650,738280.6489815001
3222,268645.5967260996
3316,185080.53127658955
648,759636.2774496991
5461,607976.7749334851
13901,372383.98028187425
3843,719360.4937724901
13664,540607.6664841638
12508,308335.21057554905
1458,287121.866765082
11909,539493.3476261391
3022,268645.5967260996
6370,536029.4467086731
13542,186933.40431034355
10098,519834.20116237993
9489,348701.0319402979
884,406375.79582030594
7628,749005.9936462009
544,399406.93503354315
15041,632608.3438703609
7272,726984.816905321
10511,823601.3017351588
5029,738265.3878644849
4120,641419.2288841703
12912,634123.1752652922
9322,304230.6186275424
3419,269002.6008156593
742,415314.26339241
11846,575828.898305858
7253,323385.3049695153
11095,424348.89044701966
3483,170840.11593088566
2145,406379.2481084905
1881,248010.6760419932
6873,546755.995926783
3951,390582.2172025603
14282,301932.0204001082
334,178402.54433513412
11108,612101.2658005678
3025,602635.0131760577
2287,278372.18280063645
11694,638579.7470790803
715,268724.67184143054
4039,646537.1085812676
9702,250347.3893602991
5901,794467.8972508743
4124,570462.8737570866
5767,444351.0082270271
13515,548618.5834685243
8626,446093.10084323125
13621,455486.8374321239
11201,667460.0389381854
4982,241226.84367678585
9695,285517.44439577137
13703,600659.3588446142
840,581152.9179494352
12855,301937.33357187477
10975,637953.4821076277
5099,816996.3275245307
11824,371444.2946534731
4795,429235.06123624736
9188,358378.14310486364
3693,145482.055819679
2792,622366.9130209616
12382,275019.16341981
12018,452460.5133756215
745,647953.2217945994
1966,607532.0480616556
5613,568751.2199342924
6837,446093.10084323125
1143,581089.0914595937
4405,347279.00454791146
14119,376283.52499434457
1207,271021.04800780065
8420,379465.0223199546
14423,591155.9821350379
14786,481787.03381854395
7174,665456.2932502502
3838,642627.6452121481
8086,466302.26338232803
12280,541002.2997849425
531,420486.70671283745
3590,247617.79287365323
9836,482211.05309523793
14052,256560.87644457325
6715,715547.3905117378
5848,727637.0934031382
9560,504583.7226269753
12483,540714.0261534897
9177,480432.92331817606
5913,633104.6426304606
14467,452868.1950503603
4973,573763.3284916317
4316,409449.18222525564
11314,535819.4485663073
13357,375035.2006871045
2413,332480.53010504605
13860,302007.7360008943
2914,221979.8980448253
13184,440354.1743240257
7439,384666.4699366415
8879,370187.0372183264
14540,531038.5931145865
12761,384063.3564616391
9683,746751.0094595447
5779,384532.09817838157
9001,567973.0629809673
11679,215249.76620999063
9174,534283.7586273283
13162,258125.13938222162
10159,630252.9038349874
6511,550063.7747951883
2118,402316.2641202734
4755,631584.3036836995
10804,294720.2305173036
11938,542947.9371280379
4765,649594.1116665199
1184,188885.3958457788
11351,502272.6693203645
4915,241076.20330904843
2684,605699.1651594143
7093,427165.3859119674
14279,182561.77772929642
9920,421097.27071445726
12259,180876.27764890384
7721,384282.77415339486
9877,632056.5335073732
6741,412124.6944867775
7293,253070.13365325105
8765,833440.9640430756
10250,506554.0602154816
8084,822753.4363826924
622,368872.95223346725
6858,612091.4645948978
10924,651539.2509702876
8945,746710.9559383492
8953,395750.15856749966
10099,391586.7236667174
6493,247996.50292624062
2630,270922.73451194994
11270,560581.1414367475
10142,345889.7632330986
9678,694458.1777825626
13593,344338.6026308962
5844,410941.14578231634
3326,467127.4920221004
10898,410068.6350636913
3486,270048.06674520636
8877,632161.3359888992
13952,180878.25198683422
186,274115.97087705706
15057,722461.8192898643
12919,382382.89175060054
6887,774261.6655750806
9080,679859.7887149719
14904,681919.4251276471
4936,572552.1704901137
3323,173630.810830214
12055,343503.96945597423
6265,706818.6052113794
14050,294650.7502474026
5862,672507.0858158619
5285,553813.2522439834
12576,326655.7193114533
8109,662899.9983024462
9593,672456.3730023081
4878,347419.32612171286
13050,384720.92754670104
15110,291723.2884306017
7937,241025.36811697995
6021,749774.5022755215
1595,417476.6490255677
2535,258814.11737478754
7712,594470.4787608304
5360,612994.3545050716
8728,405664.43202663946
4339,570386.0755295453
677,649375.3584798478
9705,349618.16633397026
6001,607416.3487335221
7739,342638.34254214726
922,134863.81427637296
8360,676822.5541676282
1183,537575.9019601458
6096,463677.4025451759
13314,233779.2311122586
5272,801253.7900720511
222,178793.9164454191
559,270469.39106570336
7541,156737.09908133402
1328,581137.6574967946
11343,408513.4790212193
2457,254016.0673645252
7625,497280.9036838959
8979,647244.2790770493
3376,150333.04078112345
11644,642834.470071035
10548,586457.0295110369
14224,634123.1752652922
5036,743442.2277194776
2332,232287.26627659574
14624,461183.381621651
7600,783370.3886108522
11935,301926.7072283416
12859,548618.5834685243
579,246704.98697820609
13483,451708.98165834136
8512,375242.34841090103
13591,180877.7963703887
5400,472494.9798205986
11636,830830.5523158122
10764,498633.19208480016
1666,368526.67743119027
4203,719360.4937724901
6861,320745.11191565095
2583,581105.7203241709
6625,431153.95654949994
14249,344338.6026308962
725,582156.0016527515
3155,467077.2997709798
10539,498324.3312034477
13914,545187.722536839
1154,422390.268451174
9549,263923.92789104884
14765,467467.72839114175
13008,540607.6664841638
448,270776.3892989453
1792,581011.487775146
13335,541214.4110733708
8178,714818.5961277776
10375,445202.262048153
5041,404276.61788773205
8375,250267.3365265855
945,236554.18679333155
2169,150328.3970529363
12753,542450.0980357347
2334,293787.57142427017
5953,394244.53857594304
876,404795.79607802536
4470,727012.8681751967
8745,319308.93286982895
14579,657752.160514561
7803,403644.6874529735
1316,246092.11132505655
3466,456766.141777298
8590,446298.21346419945
7440,216185.907847071
4148,413772.1362740643
10747,472916.5586694608
8519,749020.719694076
8899,443134.7305729895
13105,257574.92469943565
14406,768302.7525049732
8030,670259.7794749349
4788,561165.2234844186
10655,457727.656188813
15047,625699.5145785222
3116,402671.30555398023
2134,229844.1120116947
10657,523697.86227837746
14393,626837.4669715397
1627,257744.71363736072
5227,796874.1385108461
6282,384567.82040530123
1238,268920.4946834004
14278,371417.20130214904
4360,627374.9482689511
10371,342659.45370216406
3685,232526.52415266645
5937,721621.2868030118
9536,386950.0667750437
9727,815920.8820294945
9530,737060.3103310547
1356,229499.42697263436
980,145565.6892224541
5660,824771.703783036
1098,462399.90034473065
4849,651909.235145339
1019,332468.87829677935
9728,410678.36170205864
13476,572707.7611121525
1706,145036.44348194735
10013,636803.8999112581
7154,552306.8200216639
7031,720667.4991457593
13556,382951.5135122222
8159,384532.93090158864
2076,406301.7481124067
3485,422369.78370807774
14372,652767.983809629
12481,308245.24408539594
13514,384112.4912142403
5768,715454.5870077249
7360,219388.9120086281
7793,558346.2233637285
2068,318444.12056664133
13426,415390.948961563
1509,145328.39973349078
5268,775019.1281791789
2716,219123.96991512418
6207,384046.3766063367
9417,444546.04907707777
1567,538758.1881325017
3887,380779.57818554936
10592,384282.77415339486
1603,402094.0695941796
322,178543.42719331442
5149,612017.152277985
2956,356332.84489339346
3711,252585.97715408547
6913,505705.60759889666
10495,346640.79750831926
10432,656546.1774512616
10284,442989.56902473443
8234,524134.7081121203
4747,260220.84468007434
5465,553862.4400782932
12134,576191.2151055471
13675,530747.9158030864
264,370368.8785121945
6226,356649.0813031703
13781,301961.0865750666
6033,646167.7879203667
11207,421068.43067711114
14296,590909.029975533
5169,661300.236547705
2754,183122.87688639417
5891,727737.0762592569
14593,724062.8477439961
11137,670077.8120983848
8471,838139.884330028
4961,820702.6262120986
132,605988.0249457983
5187,727085.5965370887
14766,658855.3030714575
10350,353579.4613805239
5787,628866.0701050737
4992,598302.7469630693
6803,554303.1159705418
2092,505270.88322300237
7076,409652.18767287466
13865,384337.1589352143
11881,354808.7981358238
2620,236485.66150627195
1025,145829.36978136018
5240,403455.5982391738
7678,501944.7232026537
11438,714909.7369864704
12862,180879.31509187364
13035,337433.89552928245
2821,647043.4396651499
9578,738377.555573588
13446,576191.2151055471
8969,384830.447776319
5909,496549.0877678116
12615,559489.9003879188
14235,301964.52450973913
10846,571078.8258096919
111,760894.7979152506
2443,317337.3418861274
6779,655684.0114318434
2523,665000.7849632299
7582,390462.76439397235
6424,347704.64818217186
3249,294325.9215787328
7146,824984.9840608059
9242,525129.4445367091
3367,649600.8829696237
14419,567785.8650820192
13626,301932.0204001082
3777,236460.29380395112
9444,583860.5187368309
2993,402094.0695941796
12368,301970.5067879119
968,415787.41517066036
12841,180877.1888817948
1946,232327.14901349452
7417,572454.407443512
7133,392675.06477195024
96,607554.356792426
6299,325827.60807711934
4746,745829.9673124261
2612,268690.9641468058
8486,412281.79321321915
2819,174635.8828595765
9040,771288.32920086
220,178911.52255286826
12371,383792.8288932602
60,596605.2803016617
14266,376471.2309375487
2549,300590.6273262339
14760,576131.3882998389
12924,543799.7646139248
13538,542781.0329642135
9955,522282.52002214023
11257,410246.98660185054
6278,522013.2046426051
9609,264165.1220229955
462,288840.12066979846
11862,374549.77034683153
5752,442925.9223822103
9707,776428.4552477896
4886,261549.59428920466
9622,394586.28649156593
4619,661897.9368713261
8128,655769.8492238793
4703,786421.4408449347
11159,775971.2270798113
9774,335508.26775843557
5196,632839.7944073437
399,268703.1915909534
12322,545119.1115309987
13721,548214.9045289841
12497,543542.5230387647
2376,539135.8532011267
5107,719383.0873673153
12529,415031.4709343626
8643,240922.66533158615
10469,220672.36354414234
14068,301964.52450973913
6007,661764.8458282314
6635,442435.0128449003
11180,520387.10708870535
12969,182668.02400877594
331,607103.279891579
1787,226879.4308105241
813,602953.0207102979
1979,415840.1001360994
1695,615114.6005041312
614,605705.4899412519
1283,274124.83073630405
7584,554431.3525657557
3211,247805.53047313384
4163,774161.1589868721
8914,268718.20491022104
5643,672699.3623885164
10464,209179.26387219058
6209,679859.7887149719
4964,380624.5434680494
15053,613536.0136268486
11418,416154.65585005353
9233,420449.7295448547
8295,336072.7502364657
8553,409606.57861090114
8063,592233.9108541562
11428,339937.4448034857
4926,266857.9493555417
13782,569493.8521459297
7248,499271.67717048654
9667,220673.87614317867
13154,301851.6977445779
11954,301958.22219640855
11978,546090.2669247414
8150,410463.41064140224
2030,288622.9496884143
5504,413103.7161510247
12060,257224.7878158225
13394,294650.7502474026
3734,538754.1697707542
10283,554397.5417254741
336,374014.6526811856
14632,431857.7865623482
4032,753458.301242999
3324,207189.58164603164
2693,136701.15306894953
8206,646527.7892685081
11648,724850.4596715395
7586,220214.2585194472
14838,697505.0252540399
8824,394244.53857594304
10963,384579.5159766851
7865,379755.9971800233
11264,463655.49829518795
4581,408179.894396233
3046,146366.76134567527
2665,291368.7429806469
14174,180879.31509187364
5218,728361.5550296907
8427,727654.6646601141
1732,145616.5305875552
2623,145516.44074101365
4101,618067.1677820279
14818,509426.18346875405
2319,232310.43515562828
5365,403310.11291903345
13198,385717.90042560425
8067,347192.94264404365
1167,367028.2212765764
1452,286935.6698349036
3661,178146.93791207578
15187,225716.826614873
5814,344895.82780993846
4829,734489.1027898903
4098,248843.73476050422
3644,238672.15309416168
13269,334509.2029793536
7661,496750.46797170886
6276,443781.02388906135
1944,280358.3733154539
10364,417960.21276578656
4131,627152.1967009805
6394,322907.31402883254
6393,670742.1674003456
11090,554404.3038935305
1348,415858.0342609571
11567,730305.0459620976
317,370859.6075614296
3998,742604.6793359604
8584,733270.497197153
8485,406436.2980838567
1209,252244.62869787353
10799,571066.8299550458
425,809854.896056736
555,768892.9845094513
1955,181835.08245551802
11156,521281.6606859061
9412,384797.33066858584
1512,369406.3967200096
13622,371417.20130214904
9821,384907.3335706067
14210,548290.8640322566
11956,301136.7974445418
12379,337433.89552928245
8760,403352.8260999649
8884,260677.06559556467
7256,282443.33771750436
11316,657197.1333010717
5702,304696.6207621426
12940,296537.66937101656
2597,772425.5503961192
7459,611271.34901685
574,324926.7355802094
13805,550796.2667542928
12668,384873.1096526056
9951,657670.2132674283
11011,637727.7346681117
8639,715454.5870077249
6652,742649.695684396
6195,252517.41474392102
12564,180879.31509187364
7454,295459.6355318716
3403,288622.9496884143
1584,289622.1009317753
69,581141.7527862033
10476,365614.2672667485
3185,207097.4255114397
3509,180758.08410894166
14628,690799.0323864412
14595,613536.0136268486
2456,603503.2971748232
1596,297992.469589225
4537,767256.4793680466
4844,628460.0097144407
8242,524665.3320756189
9213,523613.46584165655
4864,637261.7498170945
6006,632161.3359888992
246,269396.93896639685
3670,409114.48689447605
12950,180879.31509187364
8092,384579.5159766851
8855,379317.55461383774
6801,744053.5178451086
3947,770746.0908908566
3657,176153.68431290466
6934,570774.0360559209
674,607172.001894929
12517,301967.6572719652
8013,386769.94152604253
3044,336880.9014290222
7825,555556.8193533537
10603,816365.349018902
8050,669050.7593512263
13794,543079.1633346956
2426,287128.84830931126
6825,440006.2372622289
12690,302002.9171763223
3478,252290.44018176448
14757,683806.3248819318
8819,409991.2199541705
11515,823163.2129798043
14636,455975.34517862275
12565,539493.3476261391
5533,630961.9407981907
7683,441027.7808164184
11558,645388.334904997
6349,750130.9001530234
2518,802615.3158648227
6888,719650.1433300117
12292,301986.21686347295
2037,263565.8909290136
12078,236311.1486996498
6030,751915.2467466886
13081,366454.6663831066
11949,535290.6910668155
13107,543079.1633346956
7785,394588.13500770676
1428,180407.77581195612
12898,548290.8640322566
8258,479302.38540515315
1042,421376.8535645625
5082,593827.022749607
8123,644201.4466476878
8987,285087.474342896
1414,417151.99298898265
115,462438.74542012974
11236,481160.4370595641
4154,283346.27225124056
12612,301136.7974445418
231,538442.7455295371
11765,191339.1558242821
4253,826932.2051579023
10597,668239.6174710196
2747,294329.21314969426
