Id,price
4094,472782.50524848286
10766,472782.50524848286
10376,472782.50524848286
3775,472782.50524848286
8780,472782.50524848286
7960,472782.50524848286
6740,472782.50524848286
3215,472782.50524848286
2418,472782.50524848286
5220,472782.50524848286
6067,472782.50524848286
4111,472782.50524848286
567,472782.50524848286
2715,472782.50524848286
3208,472782.50524848286
7904,472782.50524848286
1523,472782.50524848286
1715,472782.50524848286
2875,472782.50524848286
11413,472782.50524848286
14443,472782.50524848286
10538,472782.50524848286
11106,472782.50524848286
15237,472782.50524848286
10010,472782.50524848286
8332,472782.50524848286
477,472782.50524848286
11005,472782.50524848286
7817,472782.50524848286
8098,472782.50524848286
12013,472782.50524848286
3617,472782.50524848286
4275,472782.50524848286
13499,472782.50524848286
151,472782.50524848286
13045,472782.50524848286
352,472782.50524848286
12873,472782.50524848286
5157,472782.50524848286
1808,472782.50524848286
2857,472782.50524848286
10154,472782.50524848286
4975,472782.50524848286
10586,472782.50524848286
6661,472782.50524848286
7613,472782.50524848286
10729,472782.50524848286
14560,472782.50524848286
10761,472782.50524848286
11894,472782.50524848286
9919,472782.50524848286
1271,472782.50524848286
9025,472782.50524848286
5737,472782.50524848286
14834,472782.50524848286
1607,472782.50524848286
851,472782.50524848286
896,472782.50524848286
14659,472782.50524848286
3972,472782.50524848286
10369,472782.50524848286
6988,472782.50524848286
4345,472782.50524848286
5744,472782.50524848286
8467,472782.50524848286
4718,472782.50524848286
1806,472782.50524848286
11387,472782.50524848286
14276,472782.50524848286
12221,472782.50524848286
15008,472782.50524848286
5229,472782.50524848286
12166,472782.50524848286
9486,472782.50524848286
5385,472782.50524848286
6102,472782.50524848286
3018,472782.50524848286
11451,472782.50524848286
2502,472782.50524848286
15161,472782.50524848286
1124,472782.50524848286
7622,472782.50524848286
13796,472782.50524848286
5184,472782.50524848286
6957,472782.50524848286
9923,472782.50524848286
7488,472782.50524848286
10440,472782.50524848286
2922,472782.50524848286
4697,472782.50524848286
1321,472782.50524848286
14134,472782.50524848286
11317,472782.50524848286
9250,472782.50524848286
12813,472782.50524848286
3036,472782.50524848286
3614,472782.50524848286
9756,472782.50524848286
2967,472782.50524848286
13358,472782.50524848286
1011,472782.50524848286
4251,472782.50524848286
9903,472782.50524848286
8020,472782.50524848286
89,472782.50524848286
1936,472782.50524848286
7497,472782.50524848286
7040,472782.50524848286
252,472782.50524848286
11798,472782.50524848286
14222,472782.50524848286
15159,472782.50524848286
6903,472782.50524848286
6174,472782.50524848286
9516,472782.50524848286
14764,472782.50524848286
14497,472782.50524848286
3945,472782.50524848286
3194,472782.50524848286
2799,472782.50524848286
3785,472782.50524848286
12731,472782.50524848286
12098,472782.50524848286
9050,472782.50524848286
8893,472782.50524848286
9503,472782.50524848286
6418,472782.50524848286
9146,472782.50524848286
11470,472782.50524848286
13849,472782.50524848286
12624,472782.50524848286
10687,472782.50524848286
380,472782.50524848286
8531,472782.50524848286
14100,472782.50524848286
5968,472782.50524848286
885,472782.50524848286
15142,472782.50524848286
9843,472782.50524848286
2185,472782.50524848286
3061,472782.50524848286
7768,472782.50524848286
2146,472782.50524848286
8638,472782.50524848286
11593,472782.50524848286
12336,472782.50524848286
6917,472782.50524848286
8888,472782.50524848286
4058,472782.50524848286
10392,472782.50524848286
8551,472782.50524848286
14485,472782.50524848286
10983,472782.50524848286
2474,472782.50524848286
3964,472782.50524848286
9034,472782.50524848286
4683,472782.50524848286
9296,472782.50524848286
7458,472782.50524848286
15112,472782.50524848286
10066,472782.50524848286
4246,472782.50524848286
48,472782.50524848286
3596,472782.50524848286
9573,472782.50524848286
10859,472782.50524848286
5016,472782.50524848286
7026,472782.50524848286
9812,472782.50524848286
8574,472782.50524848286
10681,472782.50524848286
14371,472782.50524848286
12510,472782.50524848286
1311,472782.50524848286
6333,472782.50524848286
12226,472782.50524848286
11015,472782.50524848286
4352,472782.50524848286
7515,472782.50524848286
13642,472782.50524848286
2089,472782.50524848286
8389,472782.50524848286
340,472782.50524848286
6830,472782.50524848286
14181,472782.50524848286
7442,472782.50524848286
14318,472782.50524848286
4520,472782.50524848286
4555,472782.50524848286
6751,472782.50524848286
15003,472782.50524848286
2352,472782.50524848286
1924,472782.50524848286
4895,472782.50524848286
14188,472782.50524848286
14029,472782.50524848286
3782,472782.50524848286
3335,472782.50524848286
915,472782.50524848286
9629,472782.50524848286
5850,472782.50524848286
6736,472782.50524848286
12711,472782.50524848286
10765,472782.50524848286
1581,472782.50524848286
2217,472782.50524848286
3814,472782.50524848286
14570,472782.50524848286
14138,472782.50524848286
9641,472782.50524848286
3699,472782.50524848286
10881,472782.50524848286
4216,472782.50524848286
10526,472782.50524848286
14154,472782.50524848286
412,472782.50524848286
8376,472782.50524848286
4059,472782.50524848286
6689,472782.50524848286
1651,472782.50524848286
2944,472782.50524848286
1721,472782.50524848286
4748,472782.50524848286
11718,472782.50524848286
7464,472782.50524848286
12818,472782.50524848286
13106,472782.50524848286
9628,472782.50524848286
6238,472782.50524848286
11595,472782.50524848286
5590,472782.50524848286
12560,472782.50524848286
13743,472782.50524848286
2859,472782.50524848286
4129,472782.50524848286
3706,472782.50524848286
15095,472782.50524848286
3899,472782.50524848286
4293,472782.50524848286
10366,472782.50524848286
4873,472782.50524848286
8547,472782.50524848286
13131,472782.50524848286
7720,472782.50524848286
14951,472782.50524848286
7760,472782.50524848286
2361,472782.50524848286
6342,472782.50524848286
512,472782.50524848286
6373,472782.50524848286
5505,472782.50524848286
1036,472782.50524848286
1255,472782.50524848286
3903,472782.50524848286
4833,472782.50524848286
10639,472782.50524848286
1454,472782.50524848286
14670,472782.50524848286
14959,472782.50524848286
14011,472782.50524848286
8223,472782.50524848286
7467,472782.50524848286
9665,472782.50524848286
3438,472782.50524848286
2478,472782.50524848286
10772,472782.50524848286
4871,472782.50524848286
3985,472782.50524848286
6700,472782.50524848286
5091,472782.50524848286
5401,472782.50524848286
13022,472782.50524848286
7132,472782.50524848286
4041,472782.50524848286
4005,472782.50524848286
10530,472782.50524848286
13440,472782.50524848286
150,472782.50524848286
7160,472782.50524848286
8406,472782.50524848286
14389,472782.50524848286
3394,472782.50524848286
11561,472782.50524848286
3270,472782.50524848286
13074,472782.50524848286
14934,472782.50524848286
8137,472782.50524848286
10727,472782.50524848286
13995,472782.50524848286
12553,472782.50524848286
7597,472782.50524848286
170,472782.50524848286
10731,472782.50524848286
12410,472782.50524848286
4270,472782.50524848286
6073,472782.50524848286
3284,472782.50524848286
4986,472782.50524848286
10412,472782.50524848286
9553,472782.50524848286
8693,472782.50524848286
7926,472782.50524848286
2817,472782.50524848286
2082,472782.50524848286
12830,472782.50524848286
12807,472782.50524848286
2021,472782.50524848286
4030,472782.50524848286
3890,472782.50524848286
9266,472782.50524848286
11204,472782.50524848286
1770,472782.50524848286
5981,472782.50524848286
13195,472782.50524848286
3882,472782.50524848286
3528,472782.50524848286
3296,472782.50524848286
13460,472782.50524848286
12494,472782.50524848286
9314,472782.50524848286
11302,472782.50524848286
6085,472782.50524848286
11214,472782.50524848286
14071,472782.50524848286
12293,472782.50524848286
13776,472782.50524848286
3746,472782.50524848286
12086,472782.50524848286
7277,472782.50524848286
1633,472782.50524848286
9612,472782.50524848286
8744,472782.50524848286
15234,472782.50524848286
12002,472782.50524848286
4644,472782.50524848286
12247,472782.50524848286
6750,472782.50524848286
1954,472782.50524848286
10807,472782.50524848286
4510,472782.50524848286
9963,472782.50524848286
908,472782.50524848286
10111,472782.50524848286
8711,472782.50524848286
14478,472782.50524848286
2596,472782.50524848286
3411,472782.50524848286
8701,472782.50524848286
10625,472782.50524848286
11200,472782.50524848286
13080,472782.50524848286
9936,472782.50524848286
10068,472782.50524848286
2883,472782.50524848286
14399,472782.50524848286
3214,472782.50524848286
6330,472782.50524848286
7801,472782.50524848286
7977,472782.50524848286
3707,472782.50524848286
13655,472782.50524848286
4591,472782.50524848286
2910,472782.50524848286
13201,472782.50524848286
1748,472782.50524848286
4563,472782.50524848286
4376,472782.50524848286
13038,472782.50524848286
1625,472782.50524848286
4607,472782.50524848286
10444,472782.50524848286
1087,472782.50524848286
2482,472782.50524848286
8595,472782.50524848286
12405,472782.50524848286
3547,472782.50524848286
1548,472782.50524848286
6943,472782.50524848286
13891,472782.50524848286
13378,472782.50524848286
12264,472782.50524848286
11469,472782.50524848286
11074,472782.50524848286
4266,472782.50524848286
15242,472782.50524848286
12782,472782.50524848286
14081,472782.50524848286
2158,472782.50524848286
13512,472782.50524848286
8541,472782.50524848286
5922,472782.50524848286
543,472782.50524848286
8162,472782.50524848286
4258,472782.50524848286
5557,472782.50524848286
7325,472782.50524848286
2335,472782.50524848286
837,472782.50524848286
9970,472782.50524848286
4036,472782.50524848286
12664,472782.50524848286
13322,472782.50524848286
6757,472782.50524848286
2088,472782.50524848286
14637,472782.50524848286
6087,472782.50524848286
10869,472782.50524848286
1164,472782.50524848286
11932,472782.50524848286
10394,472782.50524848286
5679,472782.50524848286
7274,472782.50524848286
13541,472782.50524848286
14121,472782.50524848286
14663,472782.50524848286
9857,472782.50524848286
4550,472782.50524848286
1359,472782.50524848286
14300,472782.50524848286
6339,472782.50524848286
2454,472782.50524848286
7665,472782.50524848286
10973,472782.50524848286
7013,472782.50524848286
7018,472782.50524848286
5615,472782.50524848286
8761,472782.50524848286
488,472782.50524848286
3488,472782.50524848286
8516,472782.50524848286
10724,472782.50524848286
12093,472782.50524848286
13835,472782.50524848286
8499,472782.50524848286
6114,472782.50524848286
388,472782.50524848286
13890,472782.50524848286
765,472782.50524848286
3099,472782.50524848286
4342,472782.50524848286
11972,472782.50524848286
9732,472782.50524848286
10150,472782.50524848286
13488,472782.50524848286
7655,472782.50524848286
2617,472782.50524848286
9804,472782.50524848286
2120,472782.50524848286
13110,472782.50524848286
3423,472782.50524848286
3170,472782.50524848286
4740,472782.50524848286
10704,472782.50524848286
1663,472782.50524848286
9983,472782.50524848286
100,472782.50524848286
14870,472782.50524848286
8409,472782.50524848286
3695,472782.50524848286
13903,472782.50524848286
5181,472782.50524848286
2299,472782.50524848286
13686,472782.50524848286
291,472782.50524848286
9750,472782.50524848286
1200,472782.50524848286
737,472782.50524848286
4227,472782.50524848286
11911,472782.50524848286
5716,472782.50524848286
6881,472782.50524848286
12213,472782.50524848286
3475,472782.50524848286
9566,472782.50524848286
10706,472782.50524848286
102,472782.50524848286
11628,472782.50524848286
2358,472782.50524848286
11279,472782.50524848286
13182,472782.50524848286
10218,472782.50524848286
3252,472782.50524848286
928,472782.50524848286
13252,472782.50524848286
10478,472782.50524848286
7342,472782.50524848286
8281,472782.50524848286
4808,472782.50524848286
6833,472782.50524848286
287,472782.50524848286
6886,472782.50524848286
6012,472782.50524848286
8250,472782.50524848286
15140,472782.50524848286
9768,472782.50524848286
6806,472782.50524848286
10139,472782.50524848286
8944,472782.50524848286
10095,472782.50524848286
13800,472782.50524848286
7823,472782.50524848286
2547,472782.50524848286
3469,472782.50524848286
13414,472782.50524848286
10631,472782.50524848286
8777,472782.50524848286
8743,472782.50524848286
10330,472782.50524848286
3078,472782.50524848286
4329,472782.50524848286
2184,472782.50524848286
15195,472782.50524848286
1471,472782.50524848286
7634,472782.50524848286
14715,472782.50524848286
11378,472782.50524848286
15090,472782.50524848286
5776,472782.50524848286
8373,472782.50524848286
9248,472782.50524848286
7557,472782.50524848286
2022,472782.50524848286
13044,472782.50524848286
4983,472782.50524848286
8858,472782.50524848286
7376,472782.50524848286
1108,472782.50524848286
358,472782.50524848286
8257,472782.50524848286
4732,472782.50524848286
7206,472782.50524848286
14353,472782.50524848286
13146,472782.50524848286
10141,472782.50524848286
2178,472782.50524848286
7496,472782.50524848286
8820,472782.50524848286
3261,472782.50524848286
14935,472782.50524848286
14856,472782.50524848286
2520,472782.50524848286
11282,472782.50524848286
7239,472782.50524848286
14541,472782.50524848286
3470,472782.50524848286
2343,472782.50524848286
10992,472782.50524848286
6863,472782.50524848286
12634,472782.50524848286
11883,472782.50524848286
933,472782.50524848286
1912,472782.50524848286
926,472782.50524848286
5217,472782.50524848286
8640,472782.50524848286
4194,472782.50524848286
903,472782.50524848286
12267,472782.50524848286
14948,472782.50524848286
13407,472782.50524848286
7717,472782.50524848286
3300,472782.50524848286
7700,472782.50524848286
1563,472782.50524848286
3070,472782.50524848286
13212,472782.50524848286
10304,472782.50524848286
7493,472782.50524848286
10243,472782.50524848286
2302,472782.50524848286
7214,472782.50524848286
3435,472782.50524848286
1660,472782.50524848286
12543,472782.50524848286
5480,472782.50524848286
9255,472782.50524848286
6162,472782.50524848286
305,472782.50524848286
9394,472782.50524848286
13631,472782.50524848286
12243,472782.50524848286
12732,472782.50524848286
14656,472782.50524848286
14036,472782.50524848286
9979,472782.50524848286
14990,472782.50524848286
9564,472782.50524848286
14112,472782.50524848286
4188,472782.50524848286
13831,472782.50524848286
4623,472782.50524848286
12681,472782.50524848286
1656,472782.50524848286
7500,472782.50524848286
9407,472782.50524848286
11393,472782.50524848286
8823,472782.50524848286
1374,472782.50524848286
1122,472782.50524848286
6134,472782.50524848286
3372,472782.50524848286
6693,472782.50524848286
12473,472782.50524848286
11365,472782.50524848286
1845,472782.50524848286
2677,472782.50524848286
12195,472782.50524848286
11360,472782.50524848286
14808,472782.50524848286
2999,472782.50524848286
1394,472782.50524848286
10843,472782.50524848286
11449,472782.50524848286
1990,472782.50524848286
7691,472782.50524848286
1088,472782.50524848286
4464,472782.50524848286
12326,472782.50524848286
13006,472782.50524848286
736,472782.50524848286
14238,472782.50524848286
5538,472782.50524848286
12994,472782.50524848286
938,472782.50524848286
8222,472782.50524848286
13043,472782.50524848286
4011,472782.50524848286
9195,472782.50524848286
12240,472782.50524848286
12700,472782.50524848286
13926,472782.50524848286
8894,472782.50524848286
13063,472782.50524848286
6884,472782.50524848286
6474,472782.50524848286
5423,472782.50524848286
12010,472782.50524848286
9377,472782.50524848286
4230,472782.50524848286
7285,472782.50524848286
6367,472782.50524848286
1035,472782.50524848286
3117,472782.50524848286
2772,472782.50524848286
2797,472782.50524848286
8994,472782.50524848286
1023,472782.50524848286
1455,472782.50524848286
9165,472782.50524848286
5788,472782.50524848286
5359,472782.50524848286
1490,472782.50524848286
1731,472782.50524848286
6840,472782.50524848286
12801,472782.50524848286
7986,472782.50524848286
1714,472782.50524848286
13759,472782.50524848286
3708,472782.50524848286
9937,472782.50524848286
10307,472782.50524848286
169,472782.50524848286
2519,472782.50524848286
1741,472782.50524848286
14940,472782.50524848286
14722,472782.50524848286
7224,472782.50524848286
13500,472782.50524848286
6577,472782.50524848286
435,472782.50524848286
12334,472782.50524848286
7840,472782.50524848286
9783,472782.50524848286
14725,472782.50524848286
10072,472782.50524848286
11908,472782.50524848286
15101,472782.50524848286
13801,472782.50524848286
3636,472782.50524848286
7114,472782.50524848286
4979,472782.50524848286
9684,472782.50524848286
9241,472782.50524848286
931,472782.50524848286
829,472782.50524848286
3510,472782.50524848286
47,472782.50524848286
4150,472782.50524848286
3088,472782.50524848286
6139,472782.50524848286
4076,472782.50524848286
8219,472782.50524848286
13753,472782.50524848286
9602,472782.50524848286
14103,472782.50524848286
13812,472782.50524848286
9345,472782.50524848286
12034,472782.50524848286
10567,472782.50524848286
2367,472782.50524848286
4882,472782.50524848286
11087,472782.50524848286
10285,472782.50524848286
14941,472782.50524848286
9921,472782.50524848286
11468,472782.50524848286
5958,472782.50524848286
14301,472782.50524848286
6283,472782.50524848286
14231,472782.50524848286
12891,472782.50524848286
7188,472782.50524848286
11860,472782.50524848286
4049,472782.50524848286
8075,472782.50524848286
12582,472782.50524848286
1347,472782.50524848286
5749,472782.50524848286
14887,472782.50524848286
2994,472782.50524848286
9510,472782.50524848286
201,472782.50524848286
6570,472782.50524848286
6904,472782.50524848286
469,472782.50524848286
14969,472782.50524848286
15238,472782.50524848286
10805,472782.50524848286
432,472782.50524848286
4867,472782.50524848286
8288,472782.50524848286
5077,472782.50524848286
2895,472782.50524848286
10419,472782.50524848286
3195,472782.50524848286
281,472782.50524848286
13847,472782.50524848286
2609,472782.50524848286
14104,472782.50524848286
14177,472782.50524848286
7535,472782.50524848286
709,472782.50524848286
8966,472782.50524848286
13895,472782.50524848286
10607,472782.50524848286
519,472782.50524848286
13927,472782.50524848286
440,472782.50524848286
3756,472782.50524848286
13230,472782.50524848286
3578,472782.50524848286
260,472782.50524848286
4415,472782.50524848286
4070,472782.50524848286
7820,472782.50524848286
3206,472782.50524848286
6175,472782.50524848286
8029,472782.50524848286
2560,472782.50524848286
28,472782.50524848286
9378,472782.50524848286
12632,472782.50524848286
12314,472782.50524848286
4773,472782.50524848286
12126,472782.50524848286
9669,472782.50524848286
14657,472782.50524848286
2555,472782.50524848286
11764,472782.50524848286
14980,472782.50524848286
12908,472782.50524848286
2155,472782.50524848286
10169,472782.50524848286
9736,472782.50524848286
7874,472782.50524848286
12590,472782.50524848286
12893,472782.50524848286
5413,472782.50524848286
11286,472782.50524848286
2814,472782.50524848286
4149,472782.50524848286
5569,472782.50524848286
11577,472782.50524848286
9148,472782.50524848286
12411,472782.50524848286
1767,472782.50524848286
1227,472782.50524848286
7766,472782.50524848286
2271,472782.50524848286
12449,472782.50524848286
904,472782.50524848286
11635,472782.50524848286
14044,472782.50524848286
13181,472782.50524848286
1351,472782.50524848286
5070,472782.50524848286
12190,472782.50524848286
5782,472782.50524848286
7475,472782.50524848286
9071,472782.50524848286
13764,472782.50524848286
13663,472782.50524848286
6959,472782.50524848286
10649,472782.50524848286
11190,472782.50524848286
1214,472782.50524848286
10480,472782.50524848286
10074,472782.50524848286
8627,472782.50524848286
14901,472782.50524848286
9175,472782.50524848286
11752,472782.50524848286
14229,472782.50524848286
3577,472782.50524848286
9286,472782.50524848286
7067,472782.50524848286
124,472782.50524848286
14706,472782.50524848286
8518,472782.50524848286
6054,472782.50524848286
8274,472782.50524848286
14989,472782.50524848286
7723,472782.50524848286
274,472782.50524848286
2885,472782.50524848286
13690,472782.50524848286
9247,472782.50524848286
6595,472782.50524848286
9565,472782.50524848286
13974,472782.50524848286
12128,472782.50524848286
9316,472782.50524848286
12366,472782.50524848286
1985,472782.50524848286
2806,472782.50524848286
7616,472782.50524848286
6062,472782.50524848286
3405,472782.50524848286
14498,472782.50524848286
795,472782.50524848286
14844,472782.50524848286
2228,472782.50524848286
11489,472782.50524848286
7336,472782.50524848286
14309,472782.50524848286
9624,472782.50524848286
7992,472782.50524848286
11814,472782.50524848286
5225,472782.50524848286
11651,472782.50524848286
3602,472782.50524848286
9393,472782.50524848286
13742,472782.50524848286
3853,472782.50524848286
14890,472782.50524848286
20,472782.50524848286
1057,472782.50524848286
6766,472782.50524848286
9441,472782.50524848286
10306,472782.50524848286
11032,472782.50524848286
1434,472782.50524848286
6890,472782.50524848286
8904,472782.50524848286
13606,472782.50524848286
8903,472782.50524848286
6303,472782.50524848286
14105,472782.50524848286
3166,472782.50524848286
658,472782.50524848286
12713,472782.50524848286
3496,472782.50524848286
10632,472782.50524848286
6730,472782.50524848286
13168,472782.50524848286
2563,472782.50524848286
9471,472782.50524848286
3129,472782.50524848286
14845,472782.50524848286
1226,472782.50524848286
3462,472782.50524848286
8455,472782.50524848286
9249,472782.50524848286
10100,472782.50524848286
6428,472782.50524848286
10365,472782.50524848286
11404,472782.50524848286
9238,472782.50524848286
2123,472782.50524848286
8331,472782.50524848286
1327,472782.50524848286
9948,472782.50524848286
13486,472782.50524848286
2679,472782.50524848286
1476,472782.50524848286
11760,472782.50524848286
9387,472782.50524848286
12493,472782.50524848286
9954,472782.50524848286
2997,472782.50524848286
863,472782.50524848286
13807,472782.50524848286
2086,472782.50524848286
14369,472782.50524848286
10896,472782.50524848286
1749,472782.50524848286
3703,472782.50524848286
2969,472782.50524848286
12930,472782.50524848286
12698,472782.50524848286
8125,472782.50524848286
15014,472782.50524848286
9073,472782.50524848286
609,472782.50524848286
8184,472782.50524848286
5134,472782.50524848286
2237,472782.50524848286
9547,472782.50524848286
4305,472782.50524848286
5153,472782.50524848286
4013,472782.50524848286
6046,472782.50524848286
2289,472782.50524848286
11065,472782.50524848286
14912,472782.50524848286
11529,472782.50524848286
219,472782.50524848286
3837,472782.50524848286
7686,472782.50524848286
11193,472782.50524848286
361,472782.50524848286
6508,472782.50524848286
13129,472782.50524848286
2499,472782.50524848286
3546,472782.50524848286
5404,472782.50524848286
328,472782.50524848286
14615,472782.50524848286
12014,472782.50524848286
6487,472782.50524848286
11800,472782.50524848286
1531,472782.50524848286
15120,472782.50524848286
2639,472782.50524848286
8748,472782.50524848286
13603,472782.50524848286
14860,472782.50524848286
4739,472782.50524848286
10073,472782.50524848286
6527,472782.50524848286
3290,472782.50524848286
1324,472782.50524848286
2268,472782.50524848286
5771,472782.50524848286
12775,472782.50524848286
12962,472782.50524848286
4171,472782.50524848286
2168,472782.50524848286
13552,472782.50524848286
15036,472782.50524848286
5956,472782.50524848286
7782,472782.50524848286
9335,472782.50524848286
9045,472782.50524848286
11604,472782.50524848286
10410,472782.50524848286
10435,472782.50524848286
3234,472782.50524848286
1624,472782.50524848286
6152,472782.50524848286
1007,472782.50524848286
13573,472782.50524848286
4920,472782.50524848286
3108,472782.50524848286
11570,472782.50524848286
4099,472782.50524848286
11502,472782.50524848286
2070,472782.50524848286
6022,472782.50524848286
10004,472782.50524848286
11080,472782.50524848286
8937,472782.50524848286
2151,472782.50524848286
189,472782.50524848286
7931,472782.50524848286
5859,472782.50524848286
10390,472782.50524848286
2702,472782.50524848286
1958,472782.50524848286
9368,472782.50524848286
14196,472782.50524848286
5606,472782.50524848286
6384,472782.50524848286
3548,472782.50524848286
10913,472782.50524848286
9356,472782.50524848286
12810,472782.50524848286
6557,472782.50524848286
5810,472782.50524848286
4190,472782.50524848286
12528,472782.50524848286
103,472782.50524848286
5529,472782.50524848286
3692,472782.50524848286
12420,472782.50524848286
12263,472782.50524848286
1403,472782.50524848286
13693,472782.50524848286
7333,472782.50524848286
10940,472782.50524848286
12075,472782.50524848286
374,472782.50524848286
5000,472782.50524848286
8118,472782.50524848286
14480,472782.50524848286
11536,472782.50524848286
9470,472782.50524848286
10802,472782.50524848286
11100,472782.50524848286
8026,472782.50524848286
12350,472782.50524848286
1685,472782.50524848286
6792,472782.50524848286
1769,472782.50524848286
5655,472782.50524848286
6649,472782.50524848286
5805,472782.50524848286
1412,472782.50524848286
9367,472782.50524848286
2877,472782.50524848286
5712,472782.50524848286
11683,472782.50524848286
14717,472782.50524848286
6463,472782.50524848286
2450,472782.50524848286
6551,472782.50524848286
10521,472782.50524848286
6561,472782.50524848286
6951,472782.50524848286
3422,472782.50524848286
9858,472782.50524848286
3820,472782.50524848286
11711,472782.50524848286
10087,472782.50524848286
14078,472782.50524848286
13766,472782.50524848286
6146,472782.50524848286
7959,472782.50524848286
14578,472782.50524848286
8785,472782.50524848286
11244,472782.50524848286
386,472782.50524848286
11039,472782.50524848286
7746,472782.50524848286
312,472782.50524848286
12369,472782.50524848286
2907,472782.50524848286
7641,472782.50524848286
1062,472782.50524848286
11778,472782.50524848286
12860,472782.50524848286
5769,472782.50524848286
8666,472782.50524848286
1054,472782.50524848286
15063,472782.50524848286
10557,472782.50524848286
9657,472782.50524848286
10084,472782.50524848286
2989,472782.50524848286
3373,472782.50524848286
9258,472782.50524848286
354,472782.50524848286
4462,472782.50524848286
9005,472782.50524848286
7002,472782.50524848286
13388,472782.50524848286
2320,472782.50524848286
13769,472782.50524848286
3017,472782.50524848286
15,472782.50524848286
3275,472782.50524848286
3609,472782.50524848286
534,472782.50524848286
2513,472782.50524848286
1612,472782.50524848286
2663,472782.50524848286
11274,472782.50524848286
11232,472782.50524848286
7772,472782.50524848286
6930,472782.50524848286
3990,472782.50524848286
9973,472782.50524848286
4666,472782.50524848286
4004,472782.50524848286
3317,472782.50524848286
569,472782.50524848286
9315,472782.50524848286
11568,472782.50524848286
32,472782.50524848286
10244,472782.50524848286
122,472782.50524848286
2526,472782.50524848286
11729,472782.50524848286
14633,472782.50524848286
1689,472782.50524848286
14584,472782.50524848286
733,472782.50524848286
10620,472782.50524848286
12797,472782.50524848286
80,472782.50524848286
2003,472782.50524848286
14272,472782.50524848286
411,472782.50524848286
1494,472782.50524848286
10994,472782.50524848286
8583,472782.50524848286
4217,472782.50524848286
1576,472782.50524848286
4130,472782.50524848286
12767,472782.50524848286
11897,472782.50524848286
11520,472782.50524848286
14252,472782.50524848286
9373,472782.50524848286
9035,472782.50524848286
14956,472782.50524848286
13329,472782.50524848286
14096,472782.50524848286
8487,472782.50524848286
2453,472782.50524848286
5195,472782.50524848286
8016,472782.50524848286
9245,472782.50524848286
8073,472782.50524848286
8058,472782.50524848286
5051,472782.50524848286
3107,472782.50524848286
4960,472782.50524848286
9301,472782.50524848286
11586,472782.50524848286
3502,472782.50524848286
13667,472782.50524848286
13315,472782.50524848286
1599,472782.50524848286
9103,472782.50524848286
1419,472782.50524848286
9294,472782.50524848286
12907,472782.50524848286
3012,472782.50524848286
12684,472782.50524848286
3388,472782.50524848286
9181,472782.50524848286
11068,472782.50524848286
14513,472782.50524848286
12680,472782.50524848286
11998,472782.50524848286
11875,472782.50524848286
11059,472782.50524848286
11823,472782.50524848286
14025,472782.50524848286
456,472782.50524848286
8828,472782.50524848286
1371,472782.50524848286
1984,472782.50524848286
10732,472782.50524848286
13289,472782.50524848286
12345,472782.50524848286
14654,472782.50524848286
14183,472782.50524848286
8177,472782.50524848286
2958,472782.50524848286
10167,472782.50524848286
4085,472782.50524848286
11399,472782.50524848286
3681,472782.50524848286
10845,472782.50524848286
3996,472782.50524848286
9996,472782.50524848286
12188,472782.50524848286
174,472782.50524848286
6819,472782.50524848286
51,472782.50524848286
14875,472782.50524848286
3753,472782.50524848286
5226,472782.50524848286
13493,472782.50524848286
400,472782.50524848286
750,472782.50524848286
3821,472782.50524848286
14433,472782.50524848286
8727,472782.50524848286
12967,472782.50524848286
5305,472782.50524848286
3060,472782.50524848286
8652,472782.50524848286
4468,472782.50524848286
1040,472782.50524848286
3781,472782.50524848286
1140,472782.50524848286
12790,472782.50524848286
1945,472782.50524848286
3014,472782.50524848286
8689,472782.50524848286
8560,472782.50524848286
7647,472782.50524848286
8588,472782.50524848286
4673,472782.50524848286
14253,472782.50524848286
9726,472782.50524848286
10933,472782.50524848286
9823,472782.50524848286
4636,472782.50524848286
11027,472782.50524848286
4202,472782.50524848286
3071,472782.50524848286
9038,472782.50524848286
8370,472782.50524848286
11265,472782.50524848286
3064,472782.50524848286
12370,472782.50524848286
12178,472782.50524848286
4418,472782.50524848286
14857,472782.50524848286
3329,472782.50524848286
14800,472782.50524848286
8293,472782.50524848286
3345,472782.50524848286
5713,472782.50524848286
3523,472782.50524848286
10346,472782.50524848286
5641,472782.50524848286
1,472782.50524848286
8424,472782.50524848286
12165,472782.50524848286
8286,472782.50524848286
5307,472782.50524848286
10684,472782.50524848286
9341,472782.50524848286
2685,472782.50524848286
5310,472782.50524848286
8538,472782.50524848286
2928,472782.50524848286
14464,472782.50524848286
9424,472782.50524848286
2316,472782.50524848286
12928,472782.50524848286
4396,472782.50524848286
5763,472782.50524848286
7624,472782.50524848286
2849,472782.50524848286
9467,472782.50524848286
14673,472782.50524848286
12740,472782.50524848286
5791,472782.50524848286
8508,472782.50524848286
9305,472782.50524848286
5873,472782.50524848286
3624,472782.50524848286
10741,472782.50524848286
2326,472782.50524848286
10685,472782.50524848286
14674,472782.50524848286
625,472782.50524848286
5026,472782.50524848286
11945,472782.50524848286
1870,472782.50524848286
2933,472782.50524848286
13906,472782.50524848286
10769,472782.50524848286
2860,472782.50524848286
4128,472782.50524848286
9993,472782.50524848286
9351,472782.50524848286
9076,472782.50524848286
4314,472782.50524848286
5387,472782.50524848286
7832,472782.50524848286
14264,472782.50524848286
9,472782.50524848286
4949,472782.50524848286
15059,472782.50524848286
13887,472782.50524848286
5362,472782.50524848286
6182,472782.50524848286
451,472782.50524848286
3406,472782.50524848286
3669,472782.50524848286
4610,472782.50524848286
12944,472782.50524848286
3209,472782.50524848286
6910,472782.50524848286
3647,472782.50524848286
10815,472782.50524848286
10768,472782.50524848286
2590,472782.50524848286
10296,472782.50524848286
182,472782.50524848286
7284,472782.50524848286
5548,472782.50524848286
12271,472782.50524848286
9414,472782.50524848286
4769,472782.50524848286
7776,472782.50524848286
12759,472782.50524848286
9501,472782.50524848286
7758,472782.50524848286
13635,472782.50524848286
8806,472782.50524848286
1534,472782.50524848286
9545,472782.50524848286
14114,472782.50524848286
12074,472782.50524848286
4820,472782.50524848286
8673,472782.50524848286
6707,472782.50524848286
14792,472782.50524848286
15065,472782.50524848286
773,472782.50524848286
10515,472782.50524848286
8834,472782.50524848286
285,472782.50524848286
2544,472782.50524848286
10892,472782.50524848286
1963,472782.50524848286
327,472782.50524848286
11884,472782.50524848286
12591,472782.50524848286
14752,472782.50524848286
7530,472782.50524848286
9363,472782.50524848286
6210,472782.50524848286
7226,472782.50524848286
4792,472782.50524848286
6313,472782.50524848286
2233,472782.50524848286
2055,472782.50524848286
2127,472782.50524848286
8160,472782.50524848286
4295,472782.50524848286
5067,472782.50524848286
1262,472782.50524848286
13634,472782.50524848286
2216,472782.50524848286
8365,472782.50524848286
13627,472782.50524848286
13449,472782.50524848286
5688,472782.50524848286
14098,472782.50524848286
5126,472782.50524848286
12270,472782.50524848286
8871,472782.50524848286
8493,472782.50524848286
9320,472782.50524848286
9699,472782.50524848286
2349,472782.50524848286
2141,472782.50524848286
9620,472782.50524848286
14805,472782.50524848286
13425,472782.50524848286
4994,472782.50524848286
7448,472782.50524848286
8496,472782.50524848286
3059,472782.50524848286
13312,472782.50524848286
1248,472782.50524848286
978,472782.50524848286
13539,472782.50524848286
3315,472782.50524848286
14648,472782.50524848286
4654,472782.50524848286
7321,472782.50524848286
9781,472782.50524848286
9357,472782.50524848286
5118,472782.50524848286
7860,472782.50524848286
6826,472782.50524848286
9647,472782.50524848286
6249,472782.50524848286
9930,472782.50524848286
15167,472782.50524848286
9961,472782.50524848286
10546,472782.50524848286
13293,472782.50524848286
5640,472782.50524848286
14346,472782.50524848286
2013,472782.50524848286
12404,472782.50524848286
8452,472782.50524848286
12333,472782.50524848286
11031,472782.50524848286
15042,472782.50524848286
6391,472782.50524848286
9270,472782.50524848286
4476,472782.50524848286
5145,472782.50524848286
6250,472782.50524848286
1744,472782.50524848286
9423,472782.50524848286
7378,472782.50524848286
12191,472782.50524848286
4354,472782.50524848286
4078,472782.50524848286
3834,472782.50524848286
13204,472782.50524848286
14202,472782.50524848286
8710,472782.50524848286
9813,472782.50524848286
14316,472782.50524848286
14180,472782.50524848286
5690,472782.50524848286
5435,472782.50524848286
5717,472782.50524848286
10342,472782.50524848286
12577,472782.50524848286
1218,472782.50524848286
14688,472782.50524848286
9490,472782.50524848286
3464,472782.50524848286
8021,472782.50524848286
4337,472782.50524848286
3845,472782.50524848286
14072,472782.50524848286
178,472782.50524848286
12738,472782.50524848286
15185,472782.50524848286
15196,472782.50524848286
458,472782.50524848286
10775,472782.50524848286
4065,472782.50524848286
14066,472782.50524848286
8266,472782.50524848286
64,472782.50524848286
14026,472782.50524848286
8132,472782.50524848286
1698,472782.50524848286
6068,472782.50524848286
7135,472782.50524848286
2627,472782.50524848286
3480,472782.50524848286
10069,472782.50524848286
4029,472782.50524848286
10810,472782.50524848286
10712,472782.50524848286
2936,472782.50524848286
6462,472782.50524848286
8875,472782.50524848286
7748,472782.50524848286
3805,472782.50524848286
4956,472782.50524848286
9552,472782.50524848286
11481,472782.50524848286
6202,472782.50524848286
13303,472782.50524848286
13632,472782.50524848286
8811,472782.50524848286
1594,472782.50524848286
8726,472782.50524848286
9293,472782.50524848286
6504,472782.50524848286
10086,472782.50524848286
796,472782.50524848286
7579,472782.50524848286
10944,472782.50524848286
6885,472782.50524848286
11029,472782.50524848286
4334,472782.50524848286
9694,472782.50524848286
634,472782.50524848286
564,472782.50524848286
11240,472782.50524848286
7769,472782.50524848286
5747,472782.50524848286
5280,472782.50524848286
10265,472782.50524848286
6115,472782.50524848286
6129,472782.50524848286
11478,472782.50524848286
10320,472782.50524848286
8232,472782.50524848286
10496,472782.50524848286
5033,472782.50524848286
6680,472782.50524848286
3572,472782.50524848286
12920,472782.50524848286
4035,472782.50524848286
1535,472782.50524848286
4437,472782.50524848286
10448,472782.50524848286
14598,472782.50524848286
6633,472782.50524848286
11296,472782.50524848286
6204,472782.50524848286
2678,472782.50524848286
11298,472782.50524848286
12870,472782.50524848286
6573,472782.50524848286
5398,472782.50524848286
3705,472782.50524848286
3653,472782.50524848286
6742,472782.50524848286
408,472782.50524848286
10163,472782.50524848286
13751,472782.50524848286
8401,472782.50524848286
7020,472782.50524848286
8984,472782.50524848286
15197,472782.50524848286
12592,472782.50524848286
6120,472782.50524848286
2920,472782.50524848286
2215,472782.50524848286
2586,472782.50524848286
7260,472782.50524848286
10023,472782.50524848286
10400,472782.50524848286
14414,472782.50524848286
8068,472782.50524848286
9932,472782.50524848286
1386,472782.50524848286
12880,472782.50524848286
684,472782.50524848286
5993,472782.50524848286
1079,472782.50524848286
12268,472782.50524848286
14345,472782.50524848286
8169,472782.50524848286
9149,472782.50524848286
10352,472782.50524848286
5023,472782.50524848286
12019,472782.50524848286
3659,472782.50524848286
8940,472782.50524848286
5466,472782.50524848286
748,472782.50524848286
12251,472782.50524848286
8251,472782.50524848286
12073,472782.50524848286
12834,472782.50524848286
7035,472782.50524848286
591,472782.50524848286
8078,472782.50524848286
12344,472782.50524848286
5860,472782.50524848286
2190,472782.50524848286
3276,472782.50524848286
1492,472782.50524848286
1804,472782.50524848286
7311,472782.50524848286
5663,472782.50524848286
14985,472782.50524848286
6498,472782.50524848286
11995,472782.50524848286
14903,472782.50524848286
4232,472782.50524848286
5397,472782.50524848286
3468,472782.50524848286
6189,472782.50524848286
5043,472782.50524848286
14631,472782.50524848286
474,472782.50524848286
13737,472782.50524848286
1399,472782.50524848286
14004,472782.50524848286
14810,472782.50524848286
6909,472782.50524848286
8061,472782.50524848286
3904,472782.50524848286
12180,472782.50524848286
14984,472782.50524848286
4984,472782.50524848286
2338,472782.50524848286
9550,472782.50524848286
2313,472782.50524848286
12206,472782.50524848286
6946,472782.50524848286
1745,472782.50524848286
2255,472782.50524848286
7232,472782.50524848286
1922,472782.50524848286
587,472782.50524848286
7640,472782.50524848286
8047,472782.50524848286
15111,472782.50524848286
11946,472782.50524848286
2761,472782.50524848286
9871,472782.50524848286
9881,472782.50524848286
1723,472782.50524848286
2406,472782.50524848286
4561,472782.50524848286
9456,472782.50524848286
11028,472782.50524848286
10671,472782.50524848286
12723,472782.50524848286
8445,472782.50524848286
7673,472782.50524848286
6181,472782.50524848286
9211,472782.50524848286
14128,472782.50524848286
13156,472782.50524848286
14979,472782.50524848286
12358,472782.50524848286
11479,472782.50524848286
4661,472782.50524848286
12129,472782.50524848286
7150,472782.50524848286
13910,472782.50524848286
14058,472782.50524848286
3839,472782.50524848286
11804,472782.50524848286
8625,472782.50524848286
994,472782.50524848286
2391,472782.50524848286
14568,472782.50524848286
2100,472782.50524848286
14028,472782.50524848286
6854,472782.50524848286
3066,472782.50524848286
10510,472782.50524848286
2035,472782.50524848286
11806,472782.50524848286
812,472782.50524848286
8874,472782.50524848286
2865,472782.50524848286
9354,472782.50524848286
2445,472782.50524848286
4340,472782.50524848286
11336,472782.50524848286
9342,472782.50524848286
1740,472782.50524848286
7771,472782.50524848286
9827,472782.50524848286
6809,472782.50524848286
8181,472782.50524848286
8060,472782.50524848286
4534,472782.50524848286
1684,472782.50524848286
2615,472782.50524848286
11855,472782.50524848286
11540,472782.50524848286
9352,472782.50524848286
8009,472782.50524848286
3456,472782.50524848286
1796,472782.50524848286
10558,472782.50524848286
8291,472782.50524848286
14151,472782.50524848286
13997,472782.50524848286
2309,472782.50524848286
4562,472782.50524848286
9986,472782.50524848286
6386,472782.50524848286
2484,472782.50524848286
7757,472782.50524848286
9975,472782.50524848286
6390,472782.50524848286
7090,472782.50524848286
10021,472782.50524848286
1489,472782.50524848286
12480,472782.50524848286
8843,472782.50524848286
4191,472782.50524848286
11008,472782.50524848286
6614,472782.50524848286
14987,472782.50524848286
2705,472782.50524848286
3860,472782.50524848286
963,472782.50524848286
13393,472782.50524848286
8154,472782.50524848286
5251,472782.50524848286
13875,472782.50524848286
5551,472782.50524848286
4694,472782.50524848286
1587,472782.50524848286
13255,472782.50524848286
15160,472782.50524848286
7815,472782.50524848286
3446,472782.50524848286
5847,472782.50524848286
3205,472782.50524848286
2232,472782.50524848286
5021,472782.50524848286
12381,472782.50524848286
6927,472782.50524848286
13296,472782.50524848286
12105,472782.50524848286
4903,472782.50524848286
12747,472782.50524848286
10780,472782.50524848286
4,472782.50524848286
14417,472782.50524848286
2125,472782.50524848286
4902,472782.50524848286
8268,472782.50524848286
3450,472782.50524848286
11692,472782.50524848286
10605,472782.50524848286
9670,472782.50524848286
961,472782.50524848286
8423,472782.50524848286
11069,472782.50524848286
14226,472782.50524848286
14401,472782.50524848286
6443,472782.50524848286
3434,472782.50524848286
7290,472782.50524848286
14551,472782.50524848286
10882,472782.50524848286
9672,472782.50524848286
11357,472782.50524848286
14452,472782.50524848286
8142,472782.50524848286
2202,472782.50524848286
10840,472782.50524848286
6591,472782.50524848286
13856,472782.50524848286
12588,472782.50524848286
14160,472782.50524848286
7408,472782.50524848286
9700,472782.50524848286
6159,472782.50524848286
7976,472782.50524848286
8799,472782.50524848286
8036,472782.50524848286
6368,472782.50524848286
4292,472782.50524848286
5668,472782.50524848286
3026,472782.50524848286
1580,472782.50524848286
8046,472782.50524848286
9757,472782.50524848286
10001,472782.50524848286
3207,472782.50524848286
13685,472782.50524848286
2040,472782.50524848286
1800,472782.50524848286
9528,472782.50524848286
11976,472782.50524848286
13922,472782.50524848286
4105,472782.50524848286
5708,472782.50524848286
6077,472782.50524848286
7478,472782.50524848286
8582,472782.50524848286
12943,472782.50524848286
1890,472782.50524848286
721,472782.50524848286
10261,472782.50524848286
971,472782.50524848286
2770,472782.50524848286
12005,472782.50524848286
2251,472782.50524848286
4330,472782.50524848286
5013,472782.50524848286
9759,472782.50524848286
389,472782.50524848286
12416,472782.50524848286
13695,472782.50524848286
11634,472782.50524848286
8883,472782.50524848286
2479,472782.50524848286
316,472782.50524848286
8501,472782.50524848286
7763,472782.50524848286
6093,472782.50524848286
1329,472782.50524848286
5278,472782.50524848286
12939,472782.50524848286
4879,472782.50524848286
11545,472782.50524848286
5083,472782.50524848286
2862,472782.50524848286
2532,472782.50524848286
7384,472782.50524848286
606,472782.50524848286
15078,472782.50524848286
8119,472782.50524848286
1027,472782.50524848286
2324,472782.50524848286
13645,472782.50524848286
11842,472782.50524848286
2752,472782.50524848286
13784,472782.50524848286
5383,472782.50524848286
7096,472782.50524848286
14618,472782.50524848286
7406,472782.50524848286
1369,472782.50524848286
9773,472782.50524848286
1254,472782.50524848286
2537,472782.50524848286
4609,472782.50524848286
5279,472782.50524848286
14720,472782.50524848286
6871,472782.50524848286
14179,472782.50524848286
12347,472782.50524848286
2272,472782.50524848286
2451,472782.50524848286
9198,472782.50524848286
9849,472782.50524848286
11496,472782.50524848286
426,472782.50524848286
3102,472782.50524848286
14275,472782.50524848286
9202,472782.50524848286
1112,472782.50524848286
13899,472782.50524848286
14552,472782.50524848286
638,472782.50524848286
249,472782.50524848286
6931,472782.50524848286
11869,472782.50524848286
5924,472782.50524848286
9295,472782.50524848286
697,472782.50524848286
2449,472782.50524848286
14718,472782.50524848286
5611,472782.50524848286
8324,472782.50524848286
1237,472782.50524848286
9451,472782.50524848286
11994,472782.50524848286
3939,472782.50524848286
1517,472782.50524848286
9938,472782.50524848286
5514,472782.50524848286
12477,472782.50524848286
14442,472782.50524848286
1012,472782.50524848286
71,472782.50524848286
3648,472782.50524848286
2992,472782.50524848286
9846,472782.50524848286
10753,472782.50524848286
13249,472782.50524848286
1179,472782.50524848286
4460,472782.50524848286
7177,472782.50524848286
3560,472782.50524848286
7841,472782.50524848286
4505,472782.50524848286
12872,472782.50524848286
14218,472782.50524848286
5503,472782.50524848286
11899,472782.50524848286
10415,472782.50524848286
11162,472782.50524848286
14733,472782.50524848286
42,472782.50524848286
168,472782.50524848286
7317,472782.50524848286
7891,472782.50524848286
14060,472782.50524848286
13186,472782.50524848286
7048,472782.50524848286
14853,472782.50524848286
11745,472782.50524848286
9648,472782.50524848286
6868,472782.50524848286
13427,472782.50524848286
1084,472782.50524848286
2381,472782.50524848286
3895,472782.50524848286
7590,472782.50524848286
806,472782.50524848286
4126,472782.50524848286
3342,472782.50524848286
6254,472782.50524848286
11289,472782.50524848286
3493,472782.50524848286
9495,472782.50524848286
6127,472782.50524848286
7526,472782.50524848286
3680,472782.50524848286
4075,472782.50524848286
9799,472782.50524848286
12886,472782.50524848286
15177,472782.50524848286
5854,472782.50524848286
10837,472782.50524848286
13879,472782.50524848286
13673,472782.50524848286
4257,472782.50524848286
6735,472782.50524848286
13155,472782.50524848286
7069,472782.50524848286
2096,472782.50524848286
7692,472782.50524848286
12792,472782.50524848286
8297,472782.50524848286
2808,472782.50524848286
11110,472782.50524848286
2311,472782.50524848286
13144,472782.50524848286
4503,472782.50524848286
13976,472782.50524848286
3593,472782.50524848286
171,472782.50524848286
14572,472782.50524848286
218,472782.50524848286
13381,472782.50524848286
7999,472782.50524848286
4487,472782.50524848286
7804,472782.50524848286
13818,472782.50524848286
2681,472782.50524848286
9031,472782.50524848286
7697,472782.50524848286
13266,472782.50524848286
11174,472782.50524848286
4116,472782.50524848286
7310,472782.50524848286
8720,472782.50524848286
7730,472782.50524848286
13143,472782.50524848286
7898,472782.50524848286
901,472782.50524848286
5904,472782.50524848286
185,472782.50524848286
11676,472782.50524848286
2789,472782.50524848286
8818,472782.50524848286
7268,472782.50524848286
8797,472782.50524848286
12861,472782.50524848286
3997,472782.50524848286
14144,472782.50524848286
4398,472782.50524848286
9816,472782.50524848286
8440,472782.50524848286
2407,472782.50524848286
7029,472782.50524848286
7220,472782.50524848286
8695,472782.50524848286
10523,472782.50524848286
593,472782.50524848286
10663,472782.50524848286
8872,472782.50524848286
10088,472782.50524848286
1618,472782.50524848286
15072,472782.50524848286
6212,472782.50524848286
7019,472782.50524848286
14333,472782.50524848286
1115,472782.50524848286
6867,472782.50524848286
14347,472782.50524848286
539,472782.50524848286
9090,472782.50524848286
12864,472782.50524848286
3709,472782.50524848286
12217,472782.50524848286
2129,472782.50524848286
3503,472782.50524848286
9000,472782.50524848286
9521,472782.50524848286
2405,472782.50524848286
10926,472782.50524848286
5982,472782.50524848286
8545,472782.50524848286
395,472782.50524848286
7402,472782.50524848286
294,472782.50524848286
8066,472782.50524848286
3308,472782.50524848286
14905,472782.50524848286
12863,472782.50524848286
9086,472782.50524848286
12239,472782.50524848286
4402,472782.50524848286
12114,472782.50524848286
8529,472782.50524848286
11697,472782.50524848286
5599,472782.50524848286
14215,472782.50524848286
12614,472782.50524848286
5341,472782.50524848286
6979,472782.50524848286
3257,472782.50524848286
4803,472782.50524848286
2880,472782.50524848286
6665,472782.50524848286
9526,472782.50524848286
13936,472782.50524848286
5350,472782.50524848286
13127,472782.50524848286
2026,472782.50524848286
9723,472782.50524848286
4451,472782.50524848286
6113,472782.50524848286
11988,472782.50524848286
11058,472782.50524848286
6558,472782.50524848286
13369,472782.50524848286
8035,472782.50524848286
10267,472782.50524848286
5152,472782.50524848286
10128,472782.50524848286
9643,472782.50524848286
7111,472782.50524848286
466,472782.50524848286
2010,472782.50524848286
3992,472782.50524848286
6933,472782.50524848286
5741,472782.50524848286
114,472782.50524848286
9052,472782.50524848286
11266,472782.50524848286
8255,472782.50524848286
14992,472782.50524848286
13736,472782.50524848286
7511,472782.50524848286
7880,472782.50524848286
3448,472782.50524848286
36,472782.50524848286
4106,472782.50524848286
8749,472782.50524848286
1072,472782.50524848286
5354,472782.50524848286
6926,472782.50524848286
10156,472782.50524848286
5764,472782.50524848286
3911,472782.50524848286
3106,472782.50524848286
1373,472782.50524848286
8764,472782.50524848286
3722,472782.50524848286
5345,472782.50524848286
5380,472782.50524848286
3818,472782.50524848286
10447,472782.50524848286
4751,472782.50524848286
2020,472782.50524848286
11176,472782.50524848286
13251,472782.50524848286
11210,472782.50524848286
869,472782.50524848286
8704,472782.50524848286
15055,472782.50524848286
16,472782.50524848286
7614,472782.50524848286
12137,472782.50524848286
13206,472782.50524848286
15184,472782.50524848286
14928,472782.50524848286
8810,472782.50524848286
12286,472782.50524848286
15031,472782.50524848286
5757,472782.50524848286
6028,472782.50524848286
10932,472782.50524848286
2803,472782.50524848286
10736,472782.50524848286
7316,472782.50524848286
7414,472782.50524848286
14194,472782.50524848286
7749,472782.50524848286
11361,472782.50524848286
4177,472782.50524848286
6537,472782.50524848286
6426,472782.50524848286
4919,472782.50524848286
1852,472782.50524848286
15001,472782.50524848286
12896,472782.50524848286
10947,472782.50524848286
5598,472782.50524848286
5929,472782.50524848286
6168,472782.50524848286
12906,472782.50524848286
9203,472782.50524848286
6758,472782.50524848286
11150,472782.50524848286
5564,472782.50524848286
11598,472782.50524848286
10252,472782.50524848286
7797,472782.50524848286
84,472782.50524848286
4685,472782.50524848286
7235,472782.50524848286
5122,472782.50524848286
12752,472782.50524848286
9841,472782.50524848286
1003,472782.50524848286
2460,472782.50524848286
4399,472782.50524848286
7677,472782.50524848286
4088,472782.50524848286
4281,472782.50524848286
10424,472782.50524848286
8918,472782.50524848286
536,472782.50524848286
11456,472782.50524848286
1483,472782.50524848286
7380,472782.50524848286
7388,472782.50524848286
13954,472782.50524848286
6530,472782.50524848286
6878,472782.50524848286
4102,472782.50524848286
1484,472782.50524848286
13495,472782.50524848286
4731,472782.50524848286
10426,472782.50524848286
3910,472782.50524848286
5045,472782.50524848286
2500,472782.50524848286
10145,472782.50524848286
3356,472782.50524848286
11914,472782.50524848286
1859,472782.50524848286
11953,472782.50524848286
248,472782.50524848286
2901,472782.50524848286
8388,472782.50524848286
8193,472782.50524848286
6163,472782.50524848286
4296,472782.50524848286
4169,472782.50524848286
13373,472782.50524848286
13930,472782.50524848286
9192,472782.50524848286
8830,472782.50524848286
12415,472782.50524848286
12611,472782.50524848286
9229,472782.50524848286
13691,472782.50524848286
3943,472782.50524848286
14562,472782.50524848286
8878,472782.50524848286
873,472782.50524848286
6467,472782.50524848286
3618,472782.50524848286
4502,472782.50524848286
136,472782.50524848286
9940,472782.50524848286
8172,472782.50524848286
8041,472782.50524848286
14592,472782.50524848286
1044,472782.50524848286
3121,472782.50524848286
1086,472782.50524848286
7901,472782.50524848286
14564,472782.50524848286
9797,472782.50524848286
4192,472782.50524848286
3430,472782.50524848286
2113,472782.50524848286
1352,472782.50524848286
8952,472782.50524848286
9640,472782.50524848286
867,472782.50524848286
7413,472782.50524848286
10646,472782.50524848286
275,472782.50524848286
8889,472782.50524848286
5565,472782.50524848286
1148,472782.50524848286
5405,472782.50524848286
3426,472782.50524848286
11819,472782.50524848286
4044,472782.50524848286
3016,472782.50524848286
6891,472782.50524848286
7299,472782.50524848286
1905,472782.50524848286
834,472782.50524848286
6211,472782.50524848286
15143,472782.50524848286
8441,472782.50524848286
3387,472782.50524848286
14668,472782.50524848286
1176,472782.50524848286
11491,472782.50524848286
7189,472782.50524848286
12693,472782.50524848286
8407,472782.50524848286
2440,472782.50524848286
6408,472782.50524848286
8369,472782.50524848286
11725,472782.50524848286
6581,472782.50524848286
8540,472782.50524848286
11194,472782.50524848286
1198,472782.50524848286
430,472782.50524848286
10035,472782.50524848286
14349,472782.50524848286
6334,472782.50524848286
10990,472782.50524848286
7989,472782.50524848286
7320,472782.50524848286
12743,472782.50524848286
5837,472782.50524848286
10241,472782.50524848286
11070,472782.50524848286
1965,472782.50524848286
12545,472782.50524848286
3380,472782.50524848286
13280,472782.50524848286
14748,472782.50524848286
3616,472782.50524848286
300,472782.50524848286
2110,472782.50524848286
11170,472782.50524848286
4245,472782.50524848286
14925,472782.50524848286
4338,472782.50524848286
8226,472782.50524848286
6492,472782.50524848286
5666,472782.50524848286
11573,472782.50524848286
11163,472782.50524848286
14754,472782.50524848286
1191,472782.50524848286
9682,472782.50524848286
2345,472782.50524848286
13229,472782.50524848286
120,472782.50524848286
9685,472782.50524848286
8917,472782.50524848286
7599,472782.50524848286
11189,472782.50524848286
1724,472782.50524848286
9220,472782.50524848286
12748,472782.50524848286
3223,472782.50524848286
8732,472782.50524848286
2975,472782.50524848286
11952,472782.50524848286
4752,472782.50524848286
8048,472782.50524848286
7912,472782.50524848286
9925,472782.50524848286
11229,472782.50524848286
377,472782.50524848286
11817,472782.50524848286
12356,472782.50524848286
705,472782.50524848286
13492,472782.50524848286
3828,472782.50524848286
4210,472782.50524848286
11599,472782.50524848286
10127,472782.50524848286
12959,472782.50524848286
13964,472782.50524848286
4157,472782.50524848286
5633,472782.50524848286
1451,472782.50524848286
10540,472782.50524848286
12403,472782.50524848286
10827,472782.50524848286
9862,472782.50524848286
12456,472782.50524848286
10779,472782.50524848286
5903,472782.50524848286
5689,472782.50524848286
7302,472782.50524848286
5197,472782.50524848286
12218,472782.50524848286
11607,472782.50524848286
12153,472782.50524848286
6026,472782.50524848286
1635,472782.50524848286
4504,472782.50524848286
2496,472782.50524848286
1431,472782.50524848286
5166,472782.50524848286
6331,472782.50524848286
11096,472782.50524848286
13339,472782.50524848286
8087,472782.50524848286
2610,472782.50524848286
13797,472782.50524848286
14051,472782.50524848286
8080,472782.50524848286
34,472782.50524848286
3823,472782.50524848286
11228,472782.50524848286
14589,472782.50524848286
11555,472782.50524848286
14056,472782.50524848286
4014,472782.50524848286
7192,472782.50524848286
3015,472782.50524848286
7121,472782.50524848286
1298,472782.50524848286
5490,472782.50524848286
9989,472782.50524848286
12332,472782.50524848286
9234,472782.50524848286
909,472782.50524848286
6850,472782.50524848286
7604,472782.50524848286
12278,472782.50524848286
14735,472782.50524848286
11445,472782.50524848286
8725,472782.50524848286
7203,472782.50524848286
15034,472782.50524848286
5170,472782.50524848286
10563,472782.50524848286
13791,472782.50524848286
112,472782.50524848286
3754,472782.50524848286
1702,472782.50524848286
1784,472782.50524848286
4786,472782.50524848286
5583,472782.50524848286
9145,472782.50524848286
979,472782.50524848286
5271,472782.50524848286
9559,472782.50524848286
9998,472782.50524848286
5555,472782.50524848286
9895,472782.50524848286
5437,472782.50524848286
7551,472782.50524848286
11321,472782.50524848286
6324,472782.50524848286
13456,472782.50524848286
12688,472782.50524848286
1409,472782.50524848286
9994,472782.50524848286
9416,472782.50524848286
10331,472782.50524848286
14527,472782.50524848286
9870,472782.50524848286
9927,472782.50524848286
5080,472782.50524848286
8604,472782.50524848286
5654,472782.50524848286
9056,472782.50524848286
3949,472782.50524848286
6495,472782.50524848286
9337,472782.50524848286
7066,472782.50524848286
397,472782.50524848286
5460,472782.50524848286
9114,472782.50524848286
4527,472782.50524848286
7509,472782.50524848286
13485,472782.50524848286
14259,472782.50524848286
5636,472782.50524848286
1600,472782.50524848286
9680,472782.50524848286
5884,472782.50524848286
818,472782.50524848286
8304,472782.50524848286
9254,472782.50524848286
7979,472782.50524848286
10045,472782.50524848286
217,472782.50524848286
7633,472782.50524848286
4696,472782.50524848286
6105,472782.50524848286
13151,472782.50524848286
9404,472782.50524848286
3370,472782.50524848286
14361,472782.50524848286
10977,472782.50524848286
12812,472782.50524848286
612,472782.50524848286
1513,472782.50524848286
11551,472782.50524848286
14549,472782.50524848286
14832,472782.50524848286
3520,472782.50524848286
9437,472782.50524848286
5933,472782.50524848286
14774,472782.50524848286
2472,472782.50524848286
4394,472782.50524848286
3289,472782.50524848286
3600,472782.50524848286
4601,472782.50524848286
12375,472782.50524848286
764,472782.50524848286
15117,472782.50524848286
10339,472782.50524848286
8970,472782.50524848286
7435,472782.50524848286
4843,472782.50524848286
10695,472782.50524848286
11295,472782.50524848286
4107,472782.50524848286
5432,472782.50524848286
12676,472782.50524848286
1622,472782.50524848286
13863,472782.50524848286
8655,472782.50524848286
4027,472782.50524848286
3298,472782.50524848286
4047,472782.50524848286
3533,472782.50524848286
14921,472782.50524848286
8105,472782.50524848286
11051,472782.50524848286
13470,472782.50524848286
2656,472782.50524848286
3269,472782.50524848286
7164,472782.50524848286
12387,472782.50524848286
7601,472782.50524848286
9631,472782.50524848286
5494,472782.50524848286
5002,472782.50524848286
6984,472782.50524848286
14655,472782.50524848286
4195,472782.50524848286
654,472782.50524848286
2955,472782.50524848286
10311,472782.50524848286
4123,472782.50524848286
15193,472782.50524848286
6378,472782.50524848286
12496,472782.50524848286
9674,472782.50524848286
6166,472782.50524848286
6795,472782.50524848286
13947,472782.50524848286
480,472782.50524848286
8116,472782.50524848286
8716,472782.50524848286
4768,472782.50524848286
104,472782.50524848286
1158,472782.50524848286
10335,472782.50524848286
1384,472782.50524848286
11525,472782.50524848286
4439,472782.50524848286
8198,472782.50524848286
7650,472782.50524848286
3222,472782.50524848286
3316,472782.50524848286
648,472782.50524848286
5461,472782.50524848286
13901,472782.50524848286
3843,472782.50524848286
13664,472782.50524848286
12508,472782.50524848286
1458,472782.50524848286
11909,472782.50524848286
3022,472782.50524848286
6370,472782.50524848286
13542,472782.50524848286
10098,472782.50524848286
9489,472782.50524848286
884,472782.50524848286
7628,472782.50524848286
544,472782.50524848286
15041,472782.50524848286
7272,472782.50524848286
10511,472782.50524848286
5029,472782.50524848286
4120,472782.50524848286
12912,472782.50524848286
9322,472782.50524848286
3419,472782.50524848286
742,472782.50524848286
11846,472782.50524848286
7253,472782.50524848286
11095,472782.50524848286
3483,472782.50524848286
2145,472782.50524848286
1881,472782.50524848286
6873,472782.50524848286
3951,472782.50524848286
14282,472782.50524848286
334,472782.50524848286
11108,472782.50524848286
3025,472782.50524848286
2287,472782.50524848286
11694,472782.50524848286
715,472782.50524848286
4039,472782.50524848286
9702,472782.50524848286
5901,472782.50524848286
4124,472782.50524848286
5767,472782.50524848286
13515,472782.50524848286
8626,472782.50524848286
13621,472782.50524848286
11201,472782.50524848286
4982,472782.50524848286
9695,472782.50524848286
13703,472782.50524848286
840,472782.50524848286
12855,472782.50524848286
10975,472782.50524848286
5099,472782.50524848286
11824,472782.50524848286
4795,472782.50524848286
9188,472782.50524848286
3693,472782.50524848286
2792,472782.50524848286
12382,472782.50524848286
12018,472782.50524848286
745,472782.50524848286
1966,472782.50524848286
5613,472782.50524848286
6837,472782.50524848286
1143,472782.50524848286
4405,472782.50524848286
14119,472782.50524848286
1207,472782.50524848286
8420,472782.50524848286
14423,472782.50524848286
14786,472782.50524848286
7174,472782.50524848286
3838,472782.50524848286
8086,472782.50524848286
12280,472782.50524848286
531,472782.50524848286
3590,472782.50524848286
9836,472782.50524848286
14052,472782.50524848286
6715,472782.50524848286
5848,472782.50524848286
9560,472782.50524848286
12483,472782.50524848286
9177,472782.50524848286
5913,472782.50524848286
14467,472782.50524848286
4973,472782.50524848286
4316,472782.50524848286
11314,472782.50524848286
13357,472782.50524848286
2413,472782.50524848286
13860,472782.50524848286
2914,472782.50524848286
13184,472782.50524848286
7439,472782.50524848286
8879,472782.50524848286
14540,472782.50524848286
12761,472782.50524848286
9683,472782.50524848286
5779,472782.50524848286
9001,472782.50524848286
11679,472782.50524848286
9174,472782.50524848286
13162,472782.50524848286
10159,472782.50524848286
6511,472782.50524848286
2118,472782.50524848286
4755,472782.50524848286
10804,472782.50524848286
11938,472782.50524848286
4765,472782.50524848286
1184,472782.50524848286
11351,472782.50524848286
4915,472782.50524848286
2684,472782.50524848286
7093,472782.50524848286
14279,472782.50524848286
9920,472782.50524848286
12259,472782.50524848286
7721,472782.50524848286
9877,472782.50524848286
6741,472782.50524848286
7293,472782.50524848286
8765,472782.50524848286
10250,472782.50524848286
8084,472782.50524848286
622,472782.50524848286
6858,472782.50524848286
10924,472782.50524848286
8945,472782.50524848286
8953,472782.50524848286
10099,472782.50524848286
6493,472782.50524848286
2630,472782.50524848286
11270,472782.50524848286
10142,472782.50524848286
9678,472782.50524848286
13593,472782.50524848286
5844,472782.50524848286
3326,472782.50524848286
10898,472782.50524848286
3486,472782.50524848286
8877,472782.50524848286
13952,472782.50524848286
186,472782.50524848286
15057,472782.50524848286
12919,472782.50524848286
6887,472782.50524848286
9080,472782.50524848286
14904,472782.50524848286
4936,472782.50524848286
3323,472782.50524848286
12055,472782.50524848286
6265,472782.50524848286
14050,472782.50524848286
5862,472782.50524848286
5285,472782.50524848286
12576,472782.50524848286
8109,472782.50524848286
9593,472782.50524848286
4878,472782.50524848286
13050,472782.50524848286
15110,472782.50524848286
7937,472782.50524848286
6021,472782.50524848286
1595,472782.50524848286
2535,472782.50524848286
7712,472782.50524848286
5360,472782.50524848286
8728,472782.50524848286
4339,472782.50524848286
677,472782.50524848286
9705,472782.50524848286
6001,472782.50524848286
7739,472782.50524848286
922,472782.50524848286
8360,472782.50524848286
1183,472782.50524848286
6096,472782.50524848286
13314,472782.50524848286
5272,472782.50524848286
222,472782.50524848286
559,472782.50524848286
7541,472782.50524848286
1328,472782.50524848286
11343,472782.50524848286
2457,472782.50524848286
7625,472782.50524848286
8979,472782.50524848286
3376,472782.50524848286
11644,472782.50524848286
10548,472782.50524848286
14224,472782.50524848286
5036,472782.50524848286
2332,472782.50524848286
14624,472782.50524848286
7600,472782.50524848286
11935,472782.50524848286
12859,472782.50524848286
579,472782.50524848286
13483,472782.50524848286
8512,472782.50524848286
13591,472782.50524848286
5400,472782.50524848286
11636,472782.50524848286
10764,472782.50524848286
1666,472782.50524848286
4203,472782.50524848286
6861,472782.50524848286
2583,472782.50524848286
6625,472782.50524848286
14249,472782.50524848286
725,472782.50524848286
3155,472782.50524848286
10539,472782.50524848286
13914,472782.50524848286
1154,472782.50524848286
9549,472782.50524848286
14765,472782.50524848286
13008,472782.50524848286
448,472782.50524848286
1792,472782.50524848286
13335,472782.50524848286
8178,472782.50524848286
10375,472782.50524848286
5041,472782.50524848286
8375,472782.50524848286
945,472782.50524848286
2169,472782.50524848286
12753,472782.50524848286
2334,472782.50524848286
5953,472782.50524848286
876,472782.50524848286
4470,472782.50524848286
8745,472782.50524848286
14579,472782.50524848286
7803,472782.50524848286
1316,472782.50524848286
3466,472782.50524848286
8590,472782.50524848286
7440,472782.50524848286
4148,472782.50524848286
10747,472782.50524848286
8519,472782.50524848286
8899,472782.50524848286
13105,472782.50524848286
14406,472782.50524848286
8030,472782.50524848286
4788,472782.50524848286
10655,472782.50524848286
15047,472782.50524848286
3116,472782.50524848286
2134,472782.50524848286
10657,472782.50524848286
14393,472782.50524848286
1627,472782.50524848286
5227,472782.50524848286
6282,472782.50524848286
1238,472782.50524848286
14278,472782.50524848286
4360,472782.50524848286
10371,472782.50524848286
3685,472782.50524848286
5937,472782.50524848286
9536,472782.50524848286
9727,472782.50524848286
9530,472782.50524848286
1356,472782.50524848286
980,472782.50524848286
5660,472782.50524848286
1098,472782.50524848286
4849,472782.50524848286
1019,472782.50524848286
9728,472782.50524848286
13476,472782.50524848286
1706,472782.50524848286
10013,472782.50524848286
7154,472782.50524848286
7031,472782.50524848286
13556,472782.50524848286
8159,472782.50524848286
2076,472782.50524848286
3485,472782.50524848286
14372,472782.50524848286
12481,472782.50524848286
13514,472782.50524848286
5768,472782.50524848286
7360,472782.50524848286
7793,472782.50524848286
2068,472782.50524848286
13426,472782.50524848286
1509,472782.50524848286
5268,472782.50524848286
2716,472782.50524848286
6207,472782.50524848286
9417,472782.50524848286
1567,472782.50524848286
3887,472782.50524848286
10592,472782.50524848286
1603,472782.50524848286
322,472782.50524848286
5149,472782.50524848286
2956,472782.50524848286
3711,472782.50524848286
6913,472782.50524848286
10495,472782.50524848286
10432,472782.50524848286
10284,472782.50524848286
8234,472782.50524848286
4747,472782.50524848286
5465,472782.50524848286
12134,472782.50524848286
13675,472782.50524848286
264,472782.50524848286
6226,472782.50524848286
13781,472782.50524848286
6033,472782.50524848286
11207,472782.50524848286
14296,472782.50524848286
5169,472782.50524848286
2754,472782.50524848286
5891,472782.50524848286
14593,472782.50524848286
11137,472782.50524848286
8471,472782.50524848286
4961,472782.50524848286
132,472782.50524848286
5187,472782.50524848286
14766,472782.50524848286
10350,472782.50524848286
5787,472782.50524848286
4992,472782.50524848286
6803,472782.50524848286
2092,472782.50524848286
7076,472782.50524848286
13865,472782.50524848286
11881,472782.50524848286
2620,472782.50524848286
1025,472782.50524848286
5240,472782.50524848286
7678,472782.50524848286
11438,472782.50524848286
12862,472782.50524848286
13035,472782.50524848286
2821,472782.50524848286
9578,472782.50524848286
13446,472782.50524848286
8969,472782.50524848286
5909,472782.50524848286
12615,472782.50524848286
14235,472782.50524848286
10846,472782.50524848286
111,472782.50524848286
2443,472782.50524848286
6779,472782.50524848286
2523,472782.50524848286
7582,472782.50524848286
6424,472782.50524848286
3249,472782.50524848286
7146,472782.50524848286
9242,472782.50524848286
3367,472782.50524848286
14419,472782.50524848286
13626,472782.50524848286
3777,472782.50524848286
9444,472782.50524848286
2993,472782.50524848286
12368,472782.50524848286
968,472782.50524848286
12841,472782.50524848286
1946,472782.50524848286
7417,472782.50524848286
7133,472782.50524848286
96,472782.50524848286
6299,472782.50524848286
4746,472782.50524848286
2612,472782.50524848286
8486,472782.50524848286
2819,472782.50524848286
9040,472782.50524848286
220,472782.50524848286
12371,472782.50524848286
60,472782.50524848286
14266,472782.50524848286
2549,472782.50524848286
14760,472782.50524848286
12924,472782.50524848286
13538,472782.50524848286
9955,472782.50524848286
11257,472782.50524848286
6278,472782.50524848286
9609,472782.50524848286
462,472782.50524848286
11862,472782.50524848286
5752,472782.50524848286
9707,472782.50524848286
4886,472782.50524848286
9622,472782.50524848286
4619,472782.50524848286
8128,472782.50524848286
4703,472782.50524848286
11159,472782.50524848286
9774,472782.50524848286
5196,472782.50524848286
399,472782.50524848286
12322,472782.50524848286
13721,472782.50524848286
12497,472782.50524848286
2376,472782.50524848286
5107,472782.50524848286
12529,472782.50524848286
8643,472782.50524848286
10469,472782.50524848286
14068,472782.50524848286
6007,472782.50524848286
6635,472782.50524848286
11180,472782.50524848286
12969,472782.50524848286
331,472782.50524848286
1787,472782.50524848286
813,472782.50524848286
1979,472782.50524848286
1695,472782.50524848286
614,472782.50524848286
1283,472782.50524848286
7584,472782.50524848286
3211,472782.50524848286
4163,472782.50524848286
8914,472782.50524848286
5643,472782.50524848286
10464,472782.50524848286
6209,472782.50524848286
4964,472782.50524848286
15053,472782.50524848286
11418,472782.50524848286
9233,472782.50524848286
8295,472782.50524848286
8553,472782.50524848286
8063,472782.50524848286
11428,472782.50524848286
4926,472782.50524848286
13782,472782.50524848286
7248,472782.50524848286
9667,472782.50524848286
13154,472782.50524848286
11954,472782.50524848286
11978,472782.50524848286
8150,472782.50524848286
2030,472782.50524848286
5504,472782.50524848286
12060,472782.50524848286
13394,472782.50524848286
3734,472782.50524848286
10283,472782.50524848286
336,472782.50524848286
14632,472782.50524848286
4032,472782.50524848286
3324,472782.50524848286
2693,472782.50524848286
8206,472782.50524848286
11648,472782.50524848286
7586,472782.50524848286
14838,472782.50524848286
8824,472782.50524848286
10963,472782.50524848286
7865,472782.50524848286
11264,472782.50524848286
4581,472782.50524848286
3046,472782.50524848286
2665,472782.50524848286
14174,472782.50524848286
5218,472782.50524848286
8427,472782.50524848286
1732,472782.50524848286
2623,472782.50524848286
4101,472782.50524848286
14818,472782.50524848286
2319,472782.50524848286
5365,472782.50524848286
13198,472782.50524848286
8067,472782.50524848286
1167,472782.50524848286
1452,472782.50524848286
3661,472782.50524848286
15187,472782.50524848286
5814,472782.50524848286
4829,472782.50524848286
4098,472782.50524848286
3644,472782.50524848286
13269,472782.50524848286
7661,472782.50524848286
6276,472782.50524848286
1944,472782.50524848286
10364,472782.50524848286
4131,472782.50524848286
6394,472782.50524848286
6393,472782.50524848286
11090,472782.50524848286
1348,472782.50524848286
11567,472782.50524848286
317,472782.50524848286
3998,472782.50524848286
8584,472782.50524848286
8485,472782.50524848286
1209,472782.50524848286
10799,472782.50524848286
425,472782.50524848286
555,472782.50524848286
1955,472782.50524848286
11156,472782.50524848286
9412,472782.50524848286
1512,472782.50524848286
13622,472782.50524848286
9821,472782.50524848286
14210,472782.50524848286
11956,472782.50524848286
12379,472782.50524848286
8760,472782.50524848286
8884,472782.50524848286
7256,472782.50524848286
11316,472782.50524848286
5702,472782.50524848286
12940,472782.50524848286
2597,472782.50524848286
7459,472782.50524848286
574,472782.50524848286
13805,472782.50524848286
12668,472782.50524848286
9951,472782.50524848286
11011,472782.50524848286
8639,472782.50524848286
6652,472782.50524848286
6195,472782.50524848286
12564,472782.50524848286
7454,472782.50524848286
3403,472782.50524848286
1584,472782.50524848286
69,472782.50524848286
10476,472782.50524848286
3185,472782.50524848286
3509,472782.50524848286
14628,472782.50524848286
14595,472782.50524848286
2456,472782.50524848286
1596,472782.50524848286
4537,472782.50524848286
4844,472782.50524848286
8242,472782.50524848286
9213,472782.50524848286
4864,472782.50524848286
6006,472782.50524848286
246,472782.50524848286
3670,472782.50524848286
12950,472782.50524848286
8092,472782.50524848286
8855,472782.50524848286
6801,472782.50524848286
3947,472782.50524848286
3657,472782.50524848286
6934,472782.50524848286
674,472782.50524848286
12517,472782.50524848286
8013,472782.50524848286
3044,472782.50524848286
7825,472782.50524848286
10603,472782.50524848286
8050,472782.50524848286
13794,472782.50524848286
2426,472782.50524848286
6825,472782.50524848286
12690,472782.50524848286
3478,472782.50524848286
14757,472782.50524848286
8819,472782.50524848286
11515,472782.50524848286
14636,472782.50524848286
12565,472782.50524848286
5533,472782.50524848286
7683,472782.50524848286
11558,472782.50524848286
6349,472782.50524848286
2518,472782.50524848286
6888,472782.50524848286
12292,472782.50524848286
2037,472782.50524848286
12078,472782.50524848286
6030,472782.50524848286
13081,472782.50524848286
11949,472782.50524848286
13107,472782.50524848286
7785,472782.50524848286
1428,472782.50524848286
12898,472782.50524848286
8258,472782.50524848286
1042,472782.50524848286
5082,472782.50524848286
8123,472782.50524848286
8987,472782.50524848286
1414,472782.50524848286
115,472782.50524848286
11236,472782.50524848286
4154,472782.50524848286
12612,472782.50524848286
231,472782.50524848286
11765,472782.50524848286
4253,472782.50524848286
10597,472782.50524848286
2747,472782.50524848286
